Route,Location,URL,"Avg Stars","Your Stars","Route Type",Rating,Pitches,Length,"Area Latitude","Area Longitude"
"Problem A","Sacrificial Boulder > Druid Stones > Bishop Area > Sierra Eastside > California",https://www.mountainproject.com/route/107203708/problem-a,1.6,-1,Boulder,V-easy,1,,37.30698,-118.43702
"Problem B","Sacrificial Boulder > Druid Stones > Bishop Area > Sierra Eastside > California",https://www.mountainproject.com/route/107203712/problem-b,1.6,-1,Boulder,V-easy,1,,37.30698,-118.43702
"Tribal Wisdom","Blood Kin Stone > Druid Stone Area > Druid Stones > Bishop Area > Sierra Eastside > California",https://www.mountainproject.com/route/107032674/tribal-wisdom,2.0,-1,Boulder,"V-easy R",1,20,37.30744,-118.43635
Downclimb,"Blood Kin Stone > Druid Stone Area > Druid Stones > Bishop Area > Sierra Eastside > California",https://www.mountainproject.com/route/108593006/downclimb,2.0,-1,Boulder,V-easy,1,18,37.30744,-118.43635
Quadraphenia,"Morning Glory Boulder > The Otherworld > Druid Stones > Bishop Area > Sierra Eastside > California",https://www.mountainproject.com/route/109724224/quadraphenia,2.0,-1,Boulder,V-easy,1,25,37.30808,-118.43306
"Problem C","What's The Story Boulder > The Otherworld > Druid Stones > Bishop Area > Sierra Eastside > California",https://www.mountainproject.com/route/109724323/problem-c,2.0,-1,Boulder,V-easy,1,12,37.30782,-118.43311
"Problem D","What's The Story Boulder > The Otherworld > Druid Stones > Bishop Area > Sierra Eastside > California",https://www.mountainproject.com/route/109724415/problem-d,2.0,-1,Boulder,V-easy,1,12,37.30782,-118.43311
"Problem A","Outer Banks Boulder > The Otherworld > Druid Stones > Bishop Area > Sierra Eastside > California",https://www.mountainproject.com/route/109724456/problem-a,1.0,-1,Boulder,V-easy,1,10,37.30774,-118.43238
"Problem B","Leaning Tower Boulder > The Otherworld > Druid Stones > Bishop Area > Sierra Eastside > California",https://www.mountainproject.com/route/109724474/problem-b,1.0,-1,Boulder,V-easy,1,10,37.30769,-118.43245
"Problem B","Patina Slab > The Otherworld > Druid Stones > Bishop Area > Sierra Eastside > California",https://www.mountainproject.com/route/109724493/problem-b,1.0,-1,Boulder,V-easy,1,10,37.30754,-118.43258
Scales,"Eyes Boulder > The Otherworld > Druid Stones > Bishop Area > Sierra Eastside > California",https://www.mountainproject.com/route/109731502/scales,2.0,-1,Boulder,V-easy,1,,37.30749,-118.43253
"The Eyes","Eyes Boulder > The Otherworld > Druid Stones > Bishop Area > Sierra Eastside > California",https://www.mountainproject.com/route/109731518/the-eyes,3.0,-1,Boulder,V-easy,1,12,37.30749,-118.43253
"Problem B","Eyes Boulder > The Otherworld > Druid Stones > Bishop Area > Sierra Eastside > California",https://www.mountainproject.com/route/109731525/problem-b,2.0,-1,Boulder,V-easy,1,10,37.30749,-118.43253
"Lip Traverse","Eyes Boulder > The Otherworld > Druid Stones > Bishop Area > Sierra Eastside > California",https://www.mountainproject.com/route/109731541/lip-traverse,2.0,-1,Boulder,V-easy,1,15,37.30749,-118.43253
"Norse Crack","Norse Boulder > Long Ship Area > Druid Stones > Bishop Area > Sierra Eastside > California",https://www.mountainproject.com/route/108538714/norse-crack,1.0,-1,Boulder,V-easy,1,10,37.30705,-118.43774
"Problem A","Norse Boulder > Long Ship Area > Druid Stones > Bishop Area > Sierra Eastside > California",https://www.mountainproject.com/route/112792995/problem-a,1.0,-1,Boulder,V-easy,1,8,37.30705,-118.43774
Galar,"Granitic Boulder > Arch Drude Area > Druid Stones > Bishop Area > Sierra Eastside > California",https://www.mountainproject.com/route/108593116/galar,2.0,-1,Boulder,V-easy,1,16,37.30776,-118.4374
"Problem C","Granitic Boulder > Arch Drude Area > Druid Stones > Bishop Area > Sierra Eastside > California",https://www.mountainproject.com/route/108593139/problem-c,1.0,-1,Boulder,"V-easy PG13",1,20,37.30776,-118.4374
Goi,"Helluland > Helluland Area > Druid Stones > Bishop Area > Sierra Eastside > California",https://www.mountainproject.com/route/108620978/goi,2.0,-1,Boulder,V-easy,1,15,37.30716,-118.43604
Frilla,"Helluland > Helluland Area > Druid Stones > Bishop Area > Sierra Eastside > California",https://www.mountainproject.com/route/108620984/frilla,1.0,-1,Boulder,V-easy,1,12,37.30716,-118.43604
"Problem B","Helluland > Helluland Area > Druid Stones > Bishop Area > Sierra Eastside > California",https://www.mountainproject.com/route/108620995/problem-b,1.0,-1,Boulder,V-easy,1,12,37.30716,-118.43604
"Everlasting Soul","Blood Kin Stone > Druid Stone Area > Druid Stones > Bishop Area > Sierra Eastside > California",https://www.mountainproject.com/route/108592991/everlasting-soul,2.0,-1,Boulder,"V0- R",1,20,37.30744,-118.43635
"Problem A","Leaning Tower Boulder > The Otherworld > Druid Stones > Bishop Area > Sierra Eastside > California",https://www.mountainproject.com/route/109724468/problem-a,1.0,-1,Boulder,V0-,1,10,37.30769,-118.43245
"Problem A","Eyes Boulder > The Otherworld > Druid Stones > Bishop Area > Sierra Eastside > California",https://www.mountainproject.com/route/109731467/problem-a,1.0,-1,Boulder,V0-,1,10,37.30749,-118.43253
Dermatitis,"Eyes Boulder > The Otherworld > Druid Stones > Bishop Area > Sierra Eastside > California",https://www.mountainproject.com/route/109731485/dermatitis,2.0,-1,Boulder,V0-,1,12,37.30749,-118.43253
"Erik Bloody Axe","The Long Ship > Long Ship Area > Druid Stones > Bishop Area > Sierra Eastside > California",https://www.mountainproject.com/route/107530064/erik-bloody-axe,1.0,-1,Boulder,V0-,1,15,37.30703,-118.43756
"Problem A","Granitic Boulder > Arch Drude Area > Druid Stones > Bishop Area > Sierra Eastside > California",https://www.mountainproject.com/route/108593124/problem-a,1.0,-1,Boulder,V0-,1,16,37.30776,-118.4374
"Wicca Tower","Wicca Tower > Wave Boulder Area > Druid Stones > Bishop Area > Sierra Eastside > California",https://www.mountainproject.com/route/107530006/wicca-tower,2.0,-1,Boulder,V0-,1,20,37.3076,-118.43503
"Sun Circle","Ice Flow > Druid Stone Area > Druid Stones > Bishop Area > Sierra Eastside > California",https://www.mountainproject.com/route/108620905/sun-circle,2.0,-1,Boulder,V0,1,18,37.30718,-118.43633
"Mothers of Perpetual Indulgence","Hall of the Mountain Queens > The Otherworld > Druid Stones > Bishop Area > Sierra Eastside > California",https://www.mountainproject.com/route/109724177/mothers-of-perpetual-indulgence,2.6,-1,Boulder,V0,1,12,37.30792,-118.43255
Erect,"Morning Glory Boulder > The Otherworld > Druid Stones > Bishop Area > Sierra Eastside > California",https://www.mountainproject.com/route/109724237/erect,2.5,-1,Boulder,V0,1,15,37.30808,-118.43306
"Problem B","What's The Story Boulder > The Otherworld > Druid Stones > Bishop Area > Sierra Eastside > California",https://www.mountainproject.com/route/109724315/problem-b,2.0,-1,Boulder,V0,1,,37.30782,-118.43311
"Problem A","Patina Slab > The Otherworld > Druid Stones > Bishop Area > Sierra Eastside > California",https://www.mountainproject.com/route/109724486/problem-a,2.0,-1,Boulder,V0,1,10,37.30754,-118.43258
Psoriasis,"Eyes Boulder > The Otherworld > Druid Stones > Bishop Area > Sierra Eastside > California",https://www.mountainproject.com/route/109731479/psoriasis,2.0,-1,Boulder,V0,1,12,37.30749,-118.43253
"Erik the Bolder","Erik the Bolder > Long Ship Area > Druid Stones > Bishop Area > Sierra Eastside > California",https://www.mountainproject.com/route/114076668/erik-the-bolder,2.0,-1,Boulder,V0,1,8,37.3072,-118.43735
"The Vibe","Goblin Rock > Thunder Wall Area > Druid Stones > Bishop Area > Sierra Eastside > California",https://www.mountainproject.com/route/108538917/the-vibe,1.8,-1,Boulder,V0,1,10,37.30758,-118.4365
"Problem B","William The Vollman > Helluland Area > Druid Stones > Bishop Area > Sierra Eastside > California",https://www.mountainproject.com/route/108620964/problem-b,1.0,-1,Boulder,"V0 PG13",1,20,37.30727,-118.4362
"Problem C","William The Vollman > Helluland Area > Druid Stones > Bishop Area > Sierra Eastside > California",https://www.mountainproject.com/route/108620969/problem-c,1.0,-1,Boulder,"V0 PG13",1,20,37.30727,-118.4362
Scoop,"Wimmin Cave > Helluland Area > Druid Stones > Bishop Area > Sierra Eastside > California",https://www.mountainproject.com/route/108621085/scoop,3.0,-1,Boulder,V0,1,10,37.30711,-118.43563
Jormungand,"Blood Kin Stone > Druid Stone Area > Druid Stones > Bishop Area > Sierra Eastside > California",https://www.mountainproject.com/route/107032686/jormungand,2.7,-1,Boulder,"V0+ R",1,20,37.30744,-118.43635
"Celtic Soul Rebel","Erik the Bolder > Long Ship Area > Druid Stones > Bishop Area > Sierra Eastside > California",https://www.mountainproject.com/route/114076678/celtic-soul-rebel,2.0,-1,Boulder,V0+,1,9,37.3072,-118.43735
"Antiquities of Cornwall","Slab Boulder > Thunder Wall Area > Druid Stones > Bishop Area > Sierra Eastside > California",https://www.mountainproject.com/route/108538842/antiquities-of-cornwall,1.5,-1,Boulder,V0+,1,15,37.30753,-118.43634
Unnamed,"Erik the Bolder > Long Ship Area > Druid Stones > Bishop Area > Sierra Eastside > California",https://www.mountainproject.com/route/114076685/unnamed,2.0,-1,Boulder,V0-1,1,8,37.3072,-118.43735
"Problem A","Helluland > Helluland Area > Druid Stones > Bishop Area > Sierra Eastside > California",https://www.mountainproject.com/route/108620989/problem-a,2.0,-1,Boulder,V1-,1,12,37.30716,-118.43604
Toxygene,"Sacrificial Boulder > Druid Stones > Bishop Area > Sierra Eastside > California",https://www.mountainproject.com/route/107203693/toxygene,1.5,-1,Boulder,V1,1,,37.30698,-118.43702
"Blood Kin","Blood Kin Stone > Druid Stone Area > Druid Stones > Bishop Area > Sierra Eastside > California",https://www.mountainproject.com/route/107032693/blood-kin,3.6,-1,Boulder,V1,1,18,37.30744,-118.43635
"Problem A","Golden Child Wall > Druid Stone Area > Druid Stones > Bishop Area > Sierra Eastside > California",https://www.mountainproject.com/route/108592923/problem-a,1.5,-1,Boulder,"V1 PG13",1,16,37.30733,-118.4365
Frey,"Odin's Cave > Druid Stone Area > Druid Stones > Bishop Area > Sierra Eastside > California",https://www.mountainproject.com/route/108620684/frey,1.0,-1,Boulder,"V1 PG13",1,16,37.30736,-118.43648
"Head Butt","Hall of the Mountain Queens > The Otherworld > Druid Stones > Bishop Area > Sierra Eastside > California",https://www.mountainproject.com/route/106317426/head-butt,2.9,-1,Boulder,V1,1,,37.30792,-118.43255
"You Can Cry If You Want To","Hall of the Mountain Queens > The Otherworld > Druid Stones > Bishop Area > Sierra Eastside > California",https://www.mountainproject.com/route/107032732/you-can-cry-if-you-want-to,2.8,-1,Boulder,V1,1,15,37.30792,-118.43255
"There Is No Party (Right)","Hall of the Mountain Queens > The Otherworld > Druid Stones > Bishop Area > Sierra Eastside > California",https://www.mountainproject.com/route/107032743/there-is-no-party-right,2.9,-1,Boulder,V1,1,15,37.30792,-118.43255
"Problem A","What's The Story Boulder > The Otherworld > Druid Stones > Bishop Area > Sierra Eastside > California",https://www.mountainproject.com/route/109724305/problem-a,1.0,-1,Boulder,V1,1,10,37.30782,-118.43311
"Hueco Problem","Eyes Boulder > The Otherworld > Druid Stones > Bishop Area > Sierra Eastside > California",https://www.mountainproject.com/route/109731547/hueco-problem,2.0,-1,Boulder,V1,1,12,37.30749,-118.43253
"Mister Gorgeous","The Long Ship > Long Ship Area > Druid Stones > Bishop Area > Sierra Eastside > California",https://www.mountainproject.com/route/114076715/mister-gorgeous,2.0,-1,Boulder,"V1 PG13",1,20,37.30703,-118.43756
Gunhild,"The Long Ship > Long Ship Area > Druid Stones > Bishop Area > Sierra Eastside > California",https://www.mountainproject.com/route/114076732/gunhild,2.0,-1,Boulder,V1,1,15,37.30703,-118.43756
Finland,"Finland Boulder > Arch Drude Area > Druid Stones > Bishop Area > Sierra Eastside > California",https://www.mountainproject.com/route/108593042/finland,2.0,-1,Boulder,V1,1,25,37.30761,-118.43721
Stavros,"Kojak Boulder > Wave Boulder Area > Druid Stones > Bishop Area > Sierra Eastside > California",https://www.mountainproject.com/route/107203702/stavros,1.8,-1,Boulder,V1,1,6,37.3071,-118.435
"Problem A","Hall of the Mountain Queens > The Otherworld > Druid Stones > Bishop Area > Sierra Eastside > California",https://www.mountainproject.com/route/112348224/problem-a,3.0,-1,Boulder,V1+,1,15,37.30792,-118.43255
"Through the Heart","Sacrificial Boulder > Druid Stones > Bishop Area > Sierra Eastside > California",https://www.mountainproject.com/route/106126770/through-the-heart,2.1,-1,Boulder,V1-2,1,12,37.30698,-118.43702
"On a Whim","Wimmin Cave > Helluland Area > Druid Stones > Bishop Area > Sierra Eastside > California",https://www.mountainproject.com/route/114101179/on-a-whim,2.0,-1,Boulder,V1-2,1,8,37.30711,-118.43563
"Woodman, Woodman...","Sacrificial Boulder > Druid Stones > Bishop Area > Sierra Eastside > California",https://www.mountainproject.com/route/106279116/woodman-woodman,1.5,-1,Boulder,"V2 PG13",1,15,37.30698,-118.43702
Trollkind,"Sacrificial Boulder > Druid Stones > Bishop Area > Sierra Eastside > California",https://www.mountainproject.com/route/114101259/trollkind,1.5,-1,Boulder,V2,1,6,37.30698,-118.43702
"Well of Weird","Golden Child Wall > Druid Stone Area > Druid Stones > Bishop Area > Sierra Eastside > California",https://www.mountainproject.com/route/108592930/well-of-weird,2.0,-1,Boulder,V2,1,16,37.30733,-118.4365
"Winter Sun","Ice Flow > Druid Stone Area > Druid Stones > Bishop Area > Sierra Eastside > California",https://www.mountainproject.com/route/108620915/winter-sun,2.5,-1,Boulder,V2,1,12,37.30718,-118.43633
"The Ice Shirt","Ice Flow > Druid Stone Area > Druid Stones > Bishop Area > Sierra Eastside > California",https://www.mountainproject.com/route/108620929/the-ice-shirt,1.0,-1,Boulder,"V2 PG13",1,15,37.30718,-118.43633
"There Is No Party (Left Variation)","Hall of the Mountain Queens > The Otherworld > Druid Stones > Bishop Area > Sierra Eastside > California",https://www.mountainproject.com/route/107032753/there-is-no-party-left-variation,3.0,-1,Boulder,V2,1,15,37.30792,-118.43255
"Pretty In Pink","Hall of the Mountain Queens > The Otherworld > Druid Stones > Bishop Area > Sierra Eastside > California",https://www.mountainproject.com/route/107032758/pretty-in-pink,3.1,-1,Boulder,V2,1,12,37.30792,-118.43255
"On The Edge","Izzy Boulder > The Otherworld > Druid Stones > Bishop Area > Sierra Eastside > California",https://www.mountainproject.com/route/109724265/on-the-edge,2.0,-1,Boulder,V2,1,15,37.30782,-118.43321
"If It's Not Norse It's Scottish","Norse Boulder > Long Ship Area > Druid Stones > Bishop Area > Sierra Eastside > California",https://www.mountainproject.com/route/108538721/if-its-not-norse-its-scottish,2.0,-1,Boulder,V2,1,8,37.30705,-118.43774
"Roman Nose","White Man's Overbite Boulder > Skye Stone Area > Druid Stones > Bishop Area > Sierra Eastside > California",https://www.mountainproject.com/route/112529664/roman-nose,2.0,-1,Boulder,V2,1,,37.30766,-118.43622
"Able-Bodied Goblin","Goblin Rock > Thunder Wall Area > Druid Stones > Bishop Area > Sierra Eastside > California",https://www.mountainproject.com/route/112529729/able-bodied-goblin,2.2,-1,Boulder,V2,1,8,37.30758,-118.4365
"E3 5c","Finlandia Slab Boulder > Arch Drude Area > Druid Stones > Bishop Area > Sierra Eastside > California",https://www.mountainproject.com/route/108593029/e3-5c,1.0,-1,Boulder,V2,1,20,37.30758,-118.43728
"Problem B","Granitic Boulder > Arch Drude Area > Druid Stones > Bishop Area > Sierra Eastside > California",https://www.mountainproject.com/route/108593131/problem-b,1.0,-1,Boulder,V2,1,16,37.30776,-118.4374
"Problem A","William The Vollman > Helluland Area > Druid Stones > Bishop Area > Sierra Eastside > California",https://www.mountainproject.com/route/108620958/problem-a,1.0,-1,Boulder,"V2 R",1,20,37.30727,-118.4362
"Death Mantel","Helluland > Helluland Area > Druid Stones > Bishop Area > Sierra Eastside > California",https://www.mountainproject.com/route/108621000/death-mantel,1.0,-1,Boulder,"V2 PG13",1,10,37.30716,-118.43604
"Re-write History","Wave Boulder > Wave Boulder Area > Druid Stones > Bishop Area > Sierra Eastside > California",https://www.mountainproject.com/route/108621092/re-write-history,1.0,-1,Boulder,V2,1,15,37.30711,-118.43541
"Problem A","Kojak Boulder > Wave Boulder Area > Druid Stones > Bishop Area > Sierra Eastside > California",https://www.mountainproject.com/route/108621120/problem-a,1.0,-1,Boulder,V2,1,,37.3071,-118.435
Yggdrassil,"Golden Child Wall > Druid Stone Area > Druid Stones > Bishop Area > Sierra Eastside > California",https://www.mountainproject.com/route/108592941/yggdrassil,1.7,-1,Boulder,V2+,1,16,37.30733,-118.4365
Ainvar,"Goblin Rock > Thunder Wall Area > Druid Stones > Bishop Area > Sierra Eastside > California",https://www.mountainproject.com/route/108538909/ainvar,1.9,-1,Boulder,V2+,1,8,37.30758,-118.4365
"Fear of the Unknown","Sacrificial Boulder > Druid Stones > Bishop Area > Sierra Eastside > California",https://www.mountainproject.com/route/107009299/fear-of-the-unknown,3.5,-1,Boulder,"V3 PG13",1,17,37.30698,-118.43702
Netherworld,"Hall of the Mountain Queens > The Otherworld > Druid Stones > Bishop Area > Sierra Eastside > California",https://www.mountainproject.com/route/109724071/netherworld,2.0,-1,Boulder,V3,1,10,37.30792,-118.43255
"Good World","Hall of the Mountain Queens > The Otherworld > Druid Stones > Bishop Area > Sierra Eastside > California",https://www.mountainproject.com/route/109724172/good-world,2.5,-1,Boulder,V3,1,10,37.30792,-118.43255
"There is no Party Left (variation)","Hall of the Mountain Queens > The Otherworld > Druid Stones > Bishop Area > Sierra Eastside > California",https://www.mountainproject.com/route/109724191/there-is-no-party-left-variation,2.8,-1,Boulder,V3,1,15,37.30792,-118.43255
Thunder,"Thunder Wall Boulder > Thunder Wall Area > Druid Stones > Bishop Area > Sierra Eastside > California",https://www.mountainproject.com/route/106079188/thunder,3.4,-1,Boulder,V3,1,11,37.30761,-118.43628
Missack,"MIssack > Helluland Area > Druid Stones > Bishop Area > Sierra Eastside > California",https://www.mountainproject.com/route/108621009/missack,2.0,-1,Boulder,V3,1,12,37.30711,-118.43566
"Who Love's Ya Baby?","Kojak Boulder > Wave Boulder Area > Druid Stones > Bishop Area > Sierra Eastside > California",https://www.mountainproject.com/route/107203687/who-loves-ya-baby,2.4,-1,Boulder,V3,1,,37.3071,-118.435
Lollipop,"Kojak Boulder > Wave Boulder Area > Druid Stones > Bishop Area > Sierra Eastside > California",https://www.mountainproject.com/route/108621114/lollipop,1.5,-1,Boulder,V3,1,10,37.3071,-118.435
"Halfway House","Trailside Boulder > Druid Stones > Bishop Area > Sierra Eastside > California",https://www.mountainproject.com/route/112776229/halfway-house,2.0,-1,Boulder,V3,1,15,37.30959,-118.4361
"Blood Kin Sit","Blood Kin Stone > Druid Stone Area > Druid Stones > Bishop Area > Sierra Eastside > California",https://www.mountainproject.com/route/107032713/blood-kin-sit,3.0,-1,Boulder,V4,1,18,37.30744,-118.43635
"Truth Crushed to Earth Will Rise Again","Odin's Cave > Druid Stone Area > Druid Stones > Bishop Area > Sierra Eastside > California",https://www.mountainproject.com/route/108592964/truth-crushed-to-earth-will-rise-again,2.0,-1,Boulder,V4,1,15,37.30736,-118.43648
"Sheep Cat Lives On","Odin's Cave > Druid Stone Area > Druid Stones > Bishop Area > Sierra Eastside > California",https://www.mountainproject.com/route/108620741/sheep-cat-lives-on,2.0,-1,Boulder,"V4 R",1,25,37.30736,-118.43648
"Problem A","Odin's Cave > Druid Stone Area > Druid Stones > Bishop Area > Sierra Eastside > California",https://www.mountainproject.com/route/108620746/problem-a,1.0,-1,Boulder,V4,1,12,37.30736,-118.43648
"Dreams of Winter","Ice Flow > Druid Stone Area > Druid Stones > Bishop Area > Sierra Eastside > California",https://www.mountainproject.com/route/108620922/dreams-of-winter,2.0,-1,Boulder,V4,1,15,37.30718,-118.43633
"Pretty in Pink - Left Variation","Hall of the Mountain Queens > The Otherworld > Druid Stones > Bishop Area > Sierra Eastside > California",https://www.mountainproject.com/route/109724183/pretty-in-pink-left-variation,2.8,-1,Boulder,V4,1,15,37.30792,-118.43255
"Freek Flag","Hall of the Mountain Queens > The Otherworld > Druid Stones > Bishop Area > Sierra Eastside > California",https://www.mountainproject.com/route/109724206/freek-flag,2.2,-1,Boulder,V4,1,15,37.30792,-118.43255
"Morning Glory","Morning Glory Boulder > The Otherworld > Druid Stones > Bishop Area > Sierra Eastside > California",https://www.mountainproject.com/route/112519639/morning-glory,4.0,-1,Boulder,V4,1,18,37.30808,-118.43306
"Afternoon Delight","Morning Glory Boulder > The Otherworld > Druid Stones > Bishop Area > Sierra Eastside > California",https://www.mountainproject.com/route/112519880/afternoon-delight,2.0,-1,Boulder,V4,1,19,37.30808,-118.43306
"Izzy Lizzy","Izzy Boulder > The Otherworld > Druid Stones > Bishop Area > Sierra Eastside > California",https://www.mountainproject.com/route/109724272/izzy-lizzy,4.0,-1,Boulder,V4,1,15,37.30782,-118.43321
"Brother Law","All Fired Up Boulder > Skye Stone Area > Druid Stones > Bishop Area > Sierra Eastside > California",https://www.mountainproject.com/route/112776962/brother-law,2.7,-1,Boulder,V4,1,10,37.30764,-118.4361
"White Man's Overbite","White Man's Overbite Boulder > Skye Stone Area > Druid Stones > Bishop Area > Sierra Eastside > California",https://www.mountainproject.com/route/112529636/white-mans-overbite,2.0,-1,Boulder,V4,1,,37.30766,-118.43622
Kredulf,"Thunder Wall Boulder > Thunder Wall Area > Druid Stones > Bishop Area > Sierra Eastside > California",https://www.mountainproject.com/route/106079179/kredulf,3.8,-1,Boulder,V4,1,12,37.30761,-118.43628
"Spoiled Blond","Goblin Rock > Thunder Wall Area > Druid Stones > Bishop Area > Sierra Eastside > California",https://www.mountainproject.com/route/112520755/spoiled-blond,2.9,-1,Boulder,V4,1,8,37.30758,-118.4365
"A Maid of Constant Sorrow","Goblin Rock > Thunder Wall Area > Druid Stones > Bishop Area > Sierra Eastside > California",https://www.mountainproject.com/route/114101002/a-maid-of-constant-sorrow,2.0,-1,Boulder,V4,1,10,37.30758,-118.4365
"Wimmin of Climbing","Wimmin Cave > Helluland Area > Druid Stones > Bishop Area > Sierra Eastside > California",https://www.mountainproject.com/route/108621025/wimmin-of-climbing,1.0,-1,Boulder,V4,1,8,37.30711,-118.43563
"The Hidden Value of a Cheap Thrill","Wave Boulder > Wave Boulder Area > Druid Stones > Bishop Area > Sierra Eastside > California",https://www.mountainproject.com/route/108621125/the-hidden-value-of-a-cheap-thrill,1.0,-1,Boulder,V4,1,10,37.30711,-118.43541
"Kojakian Wisdom Reworked","Kojak Boulder > Wave Boulder Area > Druid Stones > Bishop Area > Sierra Eastside > California",https://www.mountainproject.com/route/108621109/kojakian-wisdom-reworked,3.0,-1,Boulder,V4,1,16,37.3071,-118.435
Chaps,"Shock Therapy Boulder > Druid Stones > Bishop Area > Sierra Eastside > California",https://www.mountainproject.com/route/114101268/chaps,2.0,-1,Boulder,V4,1,10,37.30751,-118.43589
Vinland,"Odin's Cave > Druid Stone Area > Druid Stones > Bishop Area > Sierra Eastside > California",https://www.mountainproject.com/route/108592983/vinland,1.0,-1,Boulder,V4+,1,12,37.30736,-118.43648
"Arch Drude","Arch Drude Boulder > Arch Drude Area > Druid Stones > Bishop Area > Sierra Eastside > California",https://www.mountainproject.com/route/107205673/arch-drude,3.7,-1,Boulder,V5-,1,18,37.3074,-118.4372
"Fear of the Unknown (Sit)","Sacrificial Boulder > Druid Stones > Bishop Area > Sierra Eastside > California",https://www.mountainproject.com/route/107018224/fear-of-the-unknown-sit,3.0,-1,Boulder,"V5 PG13",1,17,37.30698,-118.43702
"Sloth Stand Start","Sacrificial Boulder > Druid Stones > Bishop Area > Sierra Eastside > California",https://www.mountainproject.com/route/107203656/sloth-stand-start,2.0,-1,Boulder,V5,1,,37.30698,-118.43702
"Prostrate to the Higher Mind","Thunder Wall Boulder > Thunder Wall Area > Druid Stones > Bishop Area > Sierra Eastside > California",https://www.mountainproject.com/route/106123695/prostrate-to-the-higher-mind,2.8,-1,Boulder,V5,1,12,37.30761,-118.43628
"Arch Drude (Left Start)","Arch Drude Boulder > Arch Drude Area > Druid Stones > Bishop Area > Sierra Eastside > California",https://www.mountainproject.com/route/108559707/arch-drude-left-start,3.8,-1,Boulder,V5,1,18,37.3074,-118.4372
"Flawed Genius","Arch Drude Boulder > Arch Drude Area > Druid Stones > Bishop Area > Sierra Eastside > California",https://www.mountainproject.com/route/108593019/flawed-genius,2.6,-1,Boulder,V5,1,15,37.3074,-118.4372
"Hook Line and Sinker","Wave Boulder > Wave Boulder Area > Druid Stones > Bishop Area > Sierra Eastside > California",https://www.mountainproject.com/route/107203666/hook-line-and-sinker,3.0,-1,Boulder,V5,1,12,37.30711,-118.43541
Suspenders,"Wave Boulder > Wave Boulder Area > Druid Stones > Bishop Area > Sierra Eastside > California",https://www.mountainproject.com/route/107203672/suspenders,3.2,-1,Boulder,V5,1,15,37.30711,-118.43541
"The Handcuff Manual","Shock Therapy Boulder > Druid Stones > Bishop Area > Sierra Eastside > California",https://www.mountainproject.com/route/114066762/the-handcuff-manual,2.0,-1,Boulder,V5,1,13,37.30751,-118.43589
Puberty,"Puberty Boulder > Arch Drude Area > Druid Stones > Bishop Area > Sierra Eastside > California",https://www.mountainproject.com/route/114101341/puberty,2.0,-1,Boulder,V5-6,1,4,37.30787,-118.43748
"The Greatest Imperfection...","Sacrificial Boulder > Druid Stones > Bishop Area > Sierra Eastside > California",https://www.mountainproject.com/route/108559728/the-greatest-imperfection,2.8,-1,Boulder,"V6 PG13",1,17,37.30698,-118.43702
Pleiades,"Odin's Cave > Druid Stone Area > Druid Stones > Bishop Area > Sierra Eastside > California",https://www.mountainproject.com/route/108592976/pleiades,2.0,-1,Boulder,V6,1,12,37.30736,-118.43648
"Skye Dance","Skye Stone > Skye Stone Area > Druid Stones > Bishop Area > Sierra Eastside > California",https://www.mountainproject.com/route/106079071/skye-dance,3.8,-1,Boulder,V6,1,18,37.30766,-118.43605
McCallum,"Skye Stone > Skye Stone Area > Druid Stones > Bishop Area > Sierra Eastside > California",https://www.mountainproject.com/route/112523256/mccallum,3.5,-1,Boulder,V6,1,21,37.30766,-118.43605
"Guilty Conscience","Skye Stone > Skye Stone Area > Druid Stones > Bishop Area > Sierra Eastside > California",https://www.mountainproject.com/route/112523312/guilty-conscience,3.0,-1,Boulder,V6,1,18,37.30766,-118.43605
"Natural Philosophy","Thunder Wall Boulder > Thunder Wall Area > Druid Stones > Bishop Area > Sierra Eastside > California",https://www.mountainproject.com/route/106079231/natural-philosophy,2.0,-1,Boulder,V6,1,10,37.30761,-118.43628
Poltergeist,"Blood Kin Stone > Druid Stone Area > Druid Stones > Bishop Area > Sierra Eastside > California",https://www.mountainproject.com/route/108034398/poltergeist,2.3,-1,Boulder,V7-,1,,37.30744,-118.43635
Cayla,"Skye Stone > Skye Stone Area > Druid Stones > Bishop Area > Sierra Eastside > California",https://www.mountainproject.com/route/106322946/cayla,3.9,-1,Boulder,V7,1,16,37.30766,-118.43605
"All Fired Up","All Fired Up Boulder > Skye Stone Area > Druid Stones > Bishop Area > Sierra Eastside > California",https://www.mountainproject.com/route/107205724/all-fired-up,3.6,-1,Boulder,V7,1,13,37.30764,-118.4361
"Denton's Diversion","Thunder Wall Boulder > Thunder Wall Area > Druid Stones > Bishop Area > Sierra Eastside > California",https://www.mountainproject.com/route/106563938/dentons-diversion,2.8,-1,Boulder,V7,1,,37.30761,-118.43628
"Soul Window","Skye Stone > Skye Stone Area > Druid Stones > Bishop Area > Sierra Eastside > California",https://www.mountainproject.com/route/112523224/soul-window,2.5,-1,Boulder,V8,1,18,37.30766,-118.43605
"Through the Window","Skye Stone > Skye Stone Area > Druid Stones > Bishop Area > Sierra Eastside > California",https://www.mountainproject.com/route/112523238/through-the-window,3.0,-1,Boulder,V8,1,18,37.30766,-118.43605
"Old Ei","Thunder Wall Boulder > Thunder Wall Area > Druid Stones > Bishop Area > Sierra Eastside > California",https://www.mountainproject.com/route/112523180/old-ei,3.5,-1,Boulder,V8,1,,37.30761,-118.43628
"Red Light District","Wave Boulder > Wave Boulder Area > Druid Stones > Bishop Area > Sierra Eastside > California",https://www.mountainproject.com/route/107205646/red-light-district,2.0,-1,Boulder,V8,1,16,37.30711,-118.43541
"Days of Blunder","Thunder Wall Boulder > Thunder Wall Area > Druid Stones > Bishop Area > Sierra Eastside > California",https://www.mountainproject.com/route/106079201/days-of-blunder,2.0,-1,Boulder,V8-9,1,15,37.30761,-118.43628
"Golden Child","Golden Child Wall > Druid Stone Area > Druid Stones > Bishop Area > Sierra Eastside > California",https://www.mountainproject.com/route/106126834/golden-child,3.0,-1,Boulder,V9,1,15,37.30733,-118.4365
"Lizard Therapy","Shock Therapy Boulder > Druid Stones > Bishop Area > Sierra Eastside > California",https://www.mountainproject.com/route/112573520/lizard-therapy,4.0,-1,Boulder,V9,1,12,37.30751,-118.43589
"The Sloth","Sacrificial Boulder > Druid Stones > Bishop Area > Sierra Eastside > California",https://www.mountainproject.com/route/114059031/the-sloth,3.0,-1,Boulder,"V9+ PG13",1,19,37.30698,-118.43702
"Shock Therapy","Shock Therapy Boulder > Druid Stones > Bishop Area > Sierra Eastside > California",https://www.mountainproject.com/route/114101201/shock-therapy,1.0,-1,Boulder,V9-10,1,12,37.30751,-118.43589
"Denton's Remorse","Thunder Wall Boulder > Thunder Wall Area > Druid Stones > Bishop Area > Sierra Eastside > California",https://www.mountainproject.com/route/112523189/dentons-remorse,3.5,-1,Boulder,V10,1,20,37.30761,-118.43628
Sleipnir,"Odin's Cave > Druid Stone Area > Druid Stones > Bishop Area > Sierra Eastside > California",https://www.mountainproject.com/route/114101331/sleipnir,2.0,-1,Boulder,V11,1,28,37.30736,-118.43648
"Denton Calhoun","Thunder Wall Boulder > Thunder Wall Area > Druid Stones > Bishop Area > Sierra Eastside > California",https://www.mountainproject.com/route/106079174/denton-calhoun,3.0,-1,Boulder,V11,1,20,37.30761,-118.43628
Gasperini,"Skye Stone > Skye Stone Area > Druid Stones > Bishop Area > Sierra Eastside > California",https://www.mountainproject.com/route/114076384/gasperini,3.0,-1,Boulder,V11-12,1,15,37.30766,-118.43605
"Lounge Lizards","Shock Therapy Boulder > Druid Stones > Bishop Area > Sierra Eastside > California",https://www.mountainproject.com/route/112574811/lounge-lizards,3.0,-1,Boulder,"V12 PG13",1,14,37.30751,-118.43589
