route,location,url,avg_stars,your_stars,route_type,rating,pitches,length_,area_latitude,area_longitude,url_id,grade,star_ratings,suggested_ratings,on_to_do_lists,ticks
The Way Down,Birthday Boulders > Buttermilks Main > Buttermilk Country > Bishop Area > Sierra Eastside > California,https://www.mountainproject.com/route/106277533/the-way-down,1.3,-1,Boulder,V-easy,1,10,37.33004,-118.57901,106277533,-1,30,5,8,52
East Face,Sunshine Boulder > Buttermilks Main > Buttermilk Country > Bishop Area > Sierra Eastside > California,https://www.mountainproject.com/route/107253304/east-face,1.9,-1,Boulder,V-easy,1,,37.32859,-118.57516,107253304,-1,14,4,8,30
Problem A,Roadside Boulder > Roadside Area > Buttermilks Main > Buttermilk Country > Bishop Area > Sierra Eastside > California,https://www.mountainproject.com/route/105936160/problem-a,1.7,-1,Boulder,V-easy,1,,37.3282,-118.5761,105936160,-1,12,3,4,28
Choke the Chicken,Chicken Head Boulder > Zeppelin Area > Dale's Camp > Buttermilk Country > Bishop Area > Sierra Eastside > California,https://www.mountainproject.com/route/116715444/choke-the-chicken,2,-1,Boulder,V-easy,1,15,37.31826,-118.5744,116715444,-1,1,1,0,1
Unnamed VB,Fear Of A Black Planet Boulder > Small Fruit > Dale's Camp > Buttermilk Country > Bishop Area > Sierra Eastside > California,https://www.mountainproject.com/route/114241135/unnamed-vb,2,-1,Boulder,V-easy,1,,37.32093,-118.57408,114241135,-1,2,1,0,2
Fear of a Black Planet,Fear Of A Black Planet Boulder > Small Fruit > Dale's Camp > Buttermilk Country > Bishop Area > Sierra Eastside > California,https://www.mountainproject.com/route/114241141/fear-of-a-black-planet,2.5,-1,Boulder,V-easy,1,,37.32093,-118.57408,114241141,-1,2,1,1,2
Unnamed VB,Small Fruit Boulder > Small Fruit > Dale's Camp > Buttermilk Country > Bishop Area > Sierra Eastside > California,https://www.mountainproject.com/route/114241186/unnamed-vb,2,-1,Boulder,V-easy,1,,37.32093,-118.57407,114241186,-1,1,1,0,2
Knobs and Flake,Warmup Boulders > Bardini Boulders > Buttermilk Country > Bishop Area > Sierra Eastside > California,https://www.mountainproject.com/route/114054770/knobs-and-flake,1,-1,Boulder,V-easy,1,,37.31829,-118.5863,114054770,-1,1,1,0,0
Downclimb,Warmup Boulders > Bardini Boulders > Buttermilk Country > Bishop Area > Sierra Eastside > California,https://www.mountainproject.com/route/114054774/downclimb,1,-1,Boulder,V-easy,1,,37.31829,-118.5863,114054774,-1,1,1,0,0
Unnamed  1,Sunshine Boulder > Buttermilks Main > Buttermilk Country > Bishop Area > Sierra Eastside > California,https://www.mountainproject.com/route/107032776/unnamed-1,2.2,-1,Boulder,V0-,1,18,37.32859,-118.57516,107032776,-0.25,41,6,11,87
Unnamed  2,Sunshine Boulder > Buttermilks Main > Buttermilk Country > Bishop Area > Sierra Eastside > California,https://www.mountainproject.com/route/107032780/unnamed-2,2.8,-1,Boulder,V0-,1,18,37.32859,-118.57516,107032780,-0.25,84,20,49,168
Problem B,Green Wall Boulder > Buttermilks Main > Buttermilk Country > Bishop Area > Sierra Eastside > California,https://www.mountainproject.com/route/106322572/problem-b,1.8,-1,Boulder,V0-,1,12,37.32873,-118.57534,106322572,-0.25,46,15,12,102
Hip Hop Hager,Hager Boulder > Iron Man East Area > Buttermilks Main > Buttermilk Country > Bishop Area > Sierra Eastside > California,https://www.mountainproject.com/route/107519098/hip-hop-hager,1.6,-1,Boulder,V0-,1,16,37.33014,-118.57777,107519098,-0.25,5,1,2,4
Unknown V0/V1,The Loaf > Buttermilks Main > Buttermilk Country > Bishop Area > Sierra Eastside > California,https://www.mountainproject.com/route/106442771/unknown-v0v1,1.8,-1,Boulder,V0-,1,12,37.33022,-118.57882,106442771,-0.25,8,1,7,28
Problem A,Fit Homeless Boulder > Buttermilks Main > Buttermilk Country > Bishop Area > Sierra Eastside > California,https://www.mountainproject.com/route/106060959/problem-a,1.7,-1,Boulder,V0-,1,,37.32895,-118.57595,106060959,-0.25,26,6,7,67
Problem C,Fit Homeless Boulder > Buttermilks Main > Buttermilk Country > Bishop Area > Sierra Eastside > California,https://www.mountainproject.com/route/106060972/problem-c,1.5,-1,Boulder,V0-,1,,37.32895,-118.57595,106060972,-0.25,21,5,8,48
Xenolith Slab,Agent Orange Boulder > Zeppelin Area > Dale's Camp > Buttermilk Country > Bishop Area > Sierra Eastside > California,https://www.mountainproject.com/route/116715297/xenolith-slab,2,-1,Boulder,V0-,1,10,37.31821,-118.57395,116715297,-0.25,1,1,0,1
Knob Slab,Warmup Boulders > Bardini Boulders > Buttermilk Country > Bishop Area > Sierra Eastside > California,https://www.mountainproject.com/route/114054760/knob-slab,2,-1,Boulder,V0-,1,,37.31829,-118.5863,114054760,-0.25,1,1,1,0
Backside Crack,Get Carter Boulder > Buttermilk Country > Bishop Area > Sierra Eastside > California,https://www.mountainproject.com/route/108010816/backside-crack,2.3,-1,Boulder,V0,1,20,37.3388,-118.5776,108010816,0,31,6,5,35
Burned and Bare,Get Carter Boulder > Buttermilk Country > Bishop Area > Sierra Eastside > California,https://www.mountainproject.com/route/108880968/burned-and-bare,2.7,-1,Boulder,V0,1,15,37.3388,-118.5776,108880968,0,12,3,2,9
Original Line,Lidija / Pollen Grain Boulder > Pollen Grains / Lidija Boulders > Buttermilk Country > Bishop Area > Sierra Eastside > California,https://www.mountainproject.com/route/108054564/original-line,3.1,-1,Boulder,V0,1,35,37.3377,-118.5701,108054564,0,17,6,25,23
Vic's Demise,Mead Boulder > Pollen Grains / Lidija Boulders > Buttermilk Country > Bishop Area > Sierra Eastside > California,https://www.mountainproject.com/route/111450402/vics-demise,3,-1,Boulder,V0 X,1,35,37.3378,-118.572,111450402,0.25,3,2,6,2
Essential Peabody,Grandma Peabody Boulder > Peabody Boulders > Buttermilks Main > Buttermilk Country > Bishop Area > Sierra Eastside > California,https://www.mountainproject.com/route/106395083/essential-peabody,3.1,-1,Boulder,V0,1,40,37.32837,-118.57479,106395083,0,63,18,124,84
Advanced Rockcraft Arete,Grandpa Peabody Boulder > Peabody Boulders > Buttermilks Main > Buttermilk Country > Bishop Area > Sierra Eastside > California,https://www.mountainproject.com/route/109526745/advanced-rockcraft-arete,3.5,-1,Boulder,5.8+ V0 X,1,50,37.32817,-118.57477,109526745,0.25,16,6,44,11
Problem A,Birthday Boulders > Buttermilks Main > Buttermilk Country > Bishop Area > Sierra Eastside > California,https://www.mountainproject.com/route/106277503/problem-a,1.4,-1,Boulder,V0,1,12,37.33004,-118.57901,106277503,0,17,3,14,30
Birthday Mantel,Birthday Boulders > Buttermilks Main > Buttermilk Country > Bishop Area > Sierra Eastside > California,https://www.mountainproject.com/route/106277514/birthday-mantel,2.5,-1,Boulder,V0,1,12,37.33004,-118.57901,106277514,0,89,21,79,153
Problem B,Birthday Boulders > Buttermilks Main > Buttermilk Country > Bishop Area > Sierra Eastside > California,https://www.mountainproject.com/route/106277521/problem-b,2.1,-1,Boulder,V0,1,12,37.33004,-118.57901,106277521,0,24,6,16,38
Robinson's Rubber Tester,Robinson's Rubber Tester Boulder > Cave Area > Buttermilks Main > Buttermilk Country > Bishop Area > Sierra Eastside > California,https://www.mountainproject.com/route/105936126/robinsons-rubber-tester,3.3,-1,Boulder,V0,1,,37.32867,-118.57681,105936126,0,136,40,178,197
Unnamed  3,Sunshine Boulder > Buttermilks Main > Buttermilk Country > Bishop Area > Sierra Eastside > California,https://www.mountainproject.com/route/107032785/unnamed-3,2.5,-1,Boulder,V0,1,18,37.32859,-118.57516,107032785,0,16,5,6,40
Problem A,Green Wall Boulder > Buttermilks Main > Buttermilk Country > Bishop Area > Sierra Eastside > California,https://www.mountainproject.com/route/106322566/problem-a,2,-1,Boulder,V0,1,15,37.32873,-118.57534,106322566,0,41,14,19,74
Hager Arete,Hager Boulder > Iron Man East Area > Buttermilks Main > Buttermilk Country > Bishop Area > Sierra Eastside > California,https://www.mountainproject.com/route/105936748/hager-arete,2.6,-1,Boulder,V0,1,15,37.33014,-118.57777,105936748,0,25,7,16,43
Unnamed Arete,Hager Boulder > Iron Man East Area > Buttermilks Main > Buttermilk Country > Bishop Area > Sierra Eastside > California,https://www.mountainproject.com/route/105936754/unnamed-arete,1.7,-1,Boulder,V0,1,20,37.33014,-118.57777,105936754,0,7,1,3,8
Unnmed,Hager Boulder > Iron Man East Area > Buttermilks Main > Buttermilk Country > Bishop Area > Sierra Eastside > California,https://www.mountainproject.com/route/111731481/unnmed,1.9,-1,Boulder,V0,1,15,37.33014,-118.57777,111731481,0,7,2,4,14
Hero Roof,Hero  Roof Boulder > Iron Man Area > Buttermilks Main > Buttermilk Country > Bishop Area > Sierra Eastside > California,https://www.mountainproject.com/route/106094805/hero-roof,3.4,-1,Boulder,V0,1,14,37.33,-118.5782,106094805,0,387,89,412,722
Problem D,Ranger Rock > Buttermilks Main > Buttermilk Country > Bishop Area > Sierra Eastside > California,https://www.mountainproject.com/route/105936776/problem-d,1.9,-1,Boulder,V0,1,,37.32964,-118.57869,105936776,0,18,4,10,37
Problem G,Ranger Rock > Buttermilks Main > Buttermilk Country > Bishop Area > Sierra Eastside > California,https://www.mountainproject.com/route/105936802/problem-g,1.6,-1,Boulder,V0,1,,37.32964,-118.57869,105936802,0,27,3,9,56
Problem H,Ranger Rock > Buttermilks Main > Buttermilk Country > Bishop Area > Sierra Eastside > California,https://www.mountainproject.com/route/106060929/problem-h,1.4,-1,Boulder,V0,1,,37.32964,-118.57869,106060929,0,15,2,8,32
Tall Edgy,Saigon Boulder > Buttermilks Main > Buttermilk Country > Bishop Area > Sierra Eastside > California,https://www.mountainproject.com/route/115681932/tall-edgy,2.5,-1,Boulder,V0,1,24,37.32944,-118.57548,115681932,0,2,1,1,4
Five and Dime Left,Stained Glass/Flyboy Area > Buttermilks Main > Buttermilk Country > Bishop Area > Sierra Eastside > California,https://www.mountainproject.com/route/107204109/five-and-dime-left,1.1,-1,Boulder,V0,1,,37.33057,-118.57834,107204109,0,7,2,4,22
Five and Dime Right,Stained Glass/Flyboy Area > Buttermilks Main > Buttermilk Country > Bishop Area > Sierra Eastside > California,https://www.mountainproject.com/route/107204124/five-and-dime-right,1,-1,Boulder,V0,1,,37.33057,-118.57834,107204124,0,3,1,5,14
Northwest Flake,Tut Boulder > Buttermilks Main > Buttermilk Country > Bishop Area > Sierra Eastside > California,https://www.mountainproject.com/route/106322549/northwest-flake,2.1,-1,Boulder,V0,1,12,37.329,-118.5773,106322549,0,41,12,13,66
Howard Carter,Tut Boulder > Buttermilks Main > Buttermilk Country > Bishop Area > Sierra Eastside > California,https://www.mountainproject.com/route/107983686/howard-carter,1.7,-1,Boulder,V0,1,,37.329,-118.5773,107983686,0,15,3,4,23
Egypt (crack),Tut Boulder > Buttermilks Main > Buttermilk Country > Bishop Area > Sierra Eastside > California,https://www.mountainproject.com/route/110802913/egypt-crack,1.4,-1,Boulder,V0,1,,37.329,-118.5773,110802913,0,8,2,6,20
Problem B,Fit Homeless Boulder > Buttermilks Main > Buttermilk Country > Bishop Area > Sierra Eastside > California,https://www.mountainproject.com/route/106060967/problem-b,1.5,-1,Boulder,V0,1,,37.32895,-118.57595,106060967,0,23,6,9,51
Problem D,Fit Homeless Boulder > Buttermilks Main > Buttermilk Country > Bishop Area > Sierra Eastside > California,https://www.mountainproject.com/route/106060977/problem-d,1.4,-1,Boulder,V0,1,,37.32895,-118.57595,106060977,0,20,6,8,31
Unnamed Slab/Arete,Buttermilk Stem Boulder > Buttermilk Stem Area > Buttermilks Main > Buttermilk Country > Bishop Area > Sierra Eastside > California,https://www.mountainproject.com/route/106130723/unnamed-slabarete,2.5,-1,Boulder,V0,1,18,37.32906,-118.5768,106130723,0,11,2,13,17
Problem C,Rowell Rock > Buttermilk Stem Area > Buttermilks Main > Buttermilk Country > Bishop Area > Sierra Eastside > California,https://www.mountainproject.com/route/106336055/problem-c,2.4,-1,Boulder,V0,1,25,37.32878,-118.57687,106336055,0,7,2,5,7
Left Facing Arete,Corner Boulders > Buttermilks Main > Buttermilk Country > Bishop Area > Sierra Eastside > California,https://www.mountainproject.com/route/114316077/left-facing-arete,2.5,-1,Boulder,V0,1,12,37.32909,-118.57791,114316077,0,4,2,3,3
Unnamed V0,Boy and Girl Rocks > Buttermilks Main > Buttermilk Country > Bishop Area > Sierra Eastside > California,https://www.mountainproject.com/route/106442728/unnamed-v0,2.4,-1,Boulder,V0,1,20,37.32993,-118.57853,106442728,0,43,11,10,92
Yo! Basecamp,Womb Boulder > Buttermilks Main > Buttermilk Country > Bishop Area > Sierra Eastside > California,https://www.mountainproject.com/route/114076356/yo-basecamp,2.3,-1,Boulder,V0,1,10,37.329,-118.57473,114076356,0,8,3,3,11
Tricky Grain,Small Fruit Boulder > Small Fruit > Dale's Camp > Buttermilk Country > Bishop Area > Sierra Eastside > California,https://www.mountainproject.com/route/114241167/tricky-grain,0,-1,Boulder,V0,1,,37.32093,-118.57407,114241167,0,2,1,1,1
Scoopy-Doo,Small Fruit Boulder > Small Fruit > Dale's Camp > Buttermilk Country > Bishop Area > Sierra Eastside > California,https://www.mountainproject.com/route/114241182/scoopy-doo,2,-1,Boulder,V0,1,,37.32093,-118.57407,114241182,0,1,1,2,2
Natural Melody,Natural Melody Boulder > Secrets of the Beehive Area > Beehive Area > Buttermilk Country > Bishop Area > Sierra Eastside > California,https://www.mountainproject.com/route/112499885/natural-melody,2.5,-1,Boulder,V0 PG13,1,30,37.33676,-118.57615,112499885,0,2,1,5,2
Lifeguard Fantasy,Warmup Boulders > Bardini Boulders > Buttermilk Country > Bishop Area > Sierra Eastside > California,https://www.mountainproject.com/route/114054347/lifeguard-fantasy,2,-1,Boulder,V0 PG13,1,18,37.31829,-118.5863,114054347,0,1,1,6,0
Problem C,Tut Boulder > Buttermilks Main > Buttermilk Country > Bishop Area > Sierra Eastside > California,https://www.mountainproject.com/route/106322544/problem-c,2.1,-1,Boulder,V0+,1,12,37.329,-118.5773,106322544,0.25,22,8,9,42
Unnamed Arete,Corner Boulders > Buttermilks Main > Buttermilk Country > Bishop Area > Sierra Eastside > California,https://www.mountainproject.com/route/106395524/unnamed-arete,2.5,-1,Boulder,V0+,1,12,37.32909,-118.57791,106395524,0.25,19,6,17,31
West Arete,Pope's Hat > Buttermilks Main > Buttermilk Country > Bishop Area > Sierra Eastside > California,https://www.mountainproject.com/route/107043966/west-arete,2.8,-1,"Trad, Boulder",V0+,1,,37.33013,-118.5785,107043966,0.25,4,2,8,5
Sketchpad,Sherman Acres > Buttermilk Country > Bishop Area > Sierra Eastside > California,https://www.mountainproject.com/route/107460413/sketchpad,3.8,-1,Boulder,V0+ R,1,30,37.2991,-118.5955,107460413,0.5,10,6,67,5
The Flake Crack,The Flake Crack Boulder > Secrets of the Beehive Area > Beehive Area > Buttermilk Country > Bishop Area > Sierra Eastside > California,https://www.mountainproject.com/route/112499931/the-flake-crack,3,-1,Boulder,V0-1,1,40,37.33711,-118.5759,112499931,0.5,1,1,4,0
Roadside Crack,Get Carter Boulder > Buttermilk Country > Bishop Area > Sierra Eastside > California,https://www.mountainproject.com/route/107956819/roadside-crack,2.4,-1,Boulder,V1,1,20,37.3388,-118.5776,107956819,1,30,7,8,42
John Bachar Memorial Problem,White Slab Boulder > Pollen Grains / Lidija Boulders > Buttermilk Country > Bishop Area > Sierra Eastside > California,https://www.mountainproject.com/route/112252165/john-bachar-memorial-problem,4,-1,Boulder,V1 R,1,25,37.33744,-118.57356,112252165,1.25,5,4,31,5
Birthday Left,Birthday Boulders > Buttermilks Main > Buttermilk Country > Bishop Area > Sierra Eastside > California,https://www.mountainproject.com/route/106027080/birthday-left,2.2,-1,Boulder,V1,1,10,37.33004,-118.57901,106027080,1,216,66,75,440
The Prow Stand Start,Birthday Boulders > Buttermilks Main > Buttermilk Country > Bishop Area > Sierra Eastside > California,https://www.mountainproject.com/route/114341764/the-prow-stand-start,2.7,-1,Boulder,V1,1,16,37.33004,-118.57901,114341764,1,7,2,7,18
Good Morning Sunshine,Sunshine Boulder > Buttermilks Main > Buttermilk Country > Bishop Area > Sierra Eastside > California,https://www.mountainproject.com/route/106094043/good-morning-sunshine,3.1,-1,Boulder,V1 PG13,1,22,37.32859,-118.57516,106094043,1,116,30,81,173
Unnamed 4,Sunshine Boulder > Buttermilks Main > Buttermilk Country > Bishop Area > Sierra Eastside > California,https://www.mountainproject.com/route/107987316/unnamed-4,1.7,-1,Boulder,V1,1,15,37.32859,-118.57516,107987316,1,6,1,4,10
Unnamed 5,Sunshine Boulder > Buttermilks Main > Buttermilk Country > Bishop Area > Sierra Eastside > California,https://www.mountainproject.com/route/107987323/unnamed-5,2.2,-1,Boulder,V1,1,15,37.32859,-118.57516,107987323,1,5,2,5,11
Green Wall Arete,Green Wall Boulder > Buttermilks Main > Buttermilk Country > Bishop Area > Sierra Eastside > California,https://www.mountainproject.com/route/106093952/green-wall-arete,2.4,-1,Boulder,V1,1,20,37.32873,-118.57534,106093952,1,109,38,69,190
Blue Ball Existential,Green Wall Boulder > Buttermilks Main > Buttermilk Country > Bishop Area > Sierra Eastside > California,https://www.mountainproject.com/route/112826595/blue-ball-existential,2.5,-1,Boulder,V1,1,15,37.32873,-118.57534,112826595,1,2,1,4,1
Problem C,Roadside Boulder > Roadside Area > Buttermilks Main > Buttermilk Country > Bishop Area > Sierra Eastside > California,https://www.mountainproject.com/route/107987405/problem-c,1.1,-1,Boulder,V1,1,12,37.3282,-118.5761,107987405,1,10,2,6,10
Problem A,Scoop Boulder > Roadside Area > Buttermilks Main > Buttermilk Country > Bishop Area > Sierra Eastside > California,https://www.mountainproject.com/route/107987380/problem-a,2,-1,Boulder,V1,1,12,37.3282,-118.5762,107987380,1,2,1,8,10
"Rib, No Rib",Hero  Roof Boulder > Iron Man Area > Buttermilks Main > Buttermilk Country > Bishop Area > Sierra Eastside > California,https://www.mountainproject.com/route/111729554/rib-no-rib,2.5,-1,Boulder,V1,1,12,37.33,-118.5782,111729554,1,17,5,29,30
Groovy Grit,Hero  Roof Boulder > Iron Man Area > Buttermilks Main > Buttermilk Country > Bishop Area > Sierra Eastside > California,https://www.mountainproject.com/route/114039783/groovy-grit,2.3,-1,Boulder,V1,1,,37.33,-118.5782,114039783,1,3,2,4,6
Problem F,Ranger Rock > Buttermilks Main > Buttermilk Country > Bishop Area > Sierra Eastside > California,https://www.mountainproject.com/route/106060921/problem-f,1.8,-1,Boulder,V1,1,,37.32964,-118.57869,106060921,1,12,4,7,24
Five and Dime,Stained Glass/Flyboy Area > Buttermilks Main > Buttermilk Country > Bishop Area > Sierra Eastside > California,https://www.mountainproject.com/route/107204089/five-and-dime,2.6,-1,Boulder,V1,1,,37.33057,-118.57834,107204089,1,18,6,12,28
Five and Dime Left Sit Start,Stained Glass/Flyboy Area > Buttermilks Main > Buttermilk Country > Bishop Area > Sierra Eastside > California,https://www.mountainproject.com/route/107204116/five-and-dime-left-sit-start,2,-1,Boulder,V1,1,,37.33057,-118.57834,107204116,1,1,1,1,5
Ay,Tut Boulder > Buttermilks Main > Buttermilk Country > Bishop Area > Sierra Eastside > California,https://www.mountainproject.com/route/106100333/ay,2.1,-1,Boulder,V1,1,15,37.329,-118.5773,106100333,1,31,6,12,51
Problem B,Tut Boulder > Buttermilks Main > Buttermilk Country > Bishop Area > Sierra Eastside > California,https://www.mountainproject.com/route/108048876/problem-b,2.1,-1,Boulder,V1,1,15,37.329,-118.5773,108048876,1,12,2,7,26
Buttermilk Stem,Buttermilk Stem Boulder > Buttermilk Stem Area > Buttermilks Main > Buttermilk Country > Bishop Area > Sierra Eastside > California,https://www.mountainproject.com/route/106130698/buttermilk-stem,3.5,-1,Boulder,V1,1,15,37.32906,-118.5768,106130698,1,272,77,400,467
Buttermilk Gem,Rowell Rock > Buttermilk Stem Area > Buttermilks Main > Buttermilk Country > Bishop Area > Sierra Eastside > California,https://www.mountainproject.com/route/106130735/buttermilk-gem,3,-1,Boulder,V1 R,1,28,37.32878,-118.57687,106130735,1.25,6,2,15,6
Junior's Arete,Rowell Rock > Buttermilk Stem Area > Buttermilks Main > Buttermilk Country > Bishop Area > Sierra Eastside > California,https://www.mountainproject.com/route/106130759/juniors-arete,2.4,-1,Boulder,V1,1,20,37.32878,-118.57687,106130759,1,14,3,11,12
Problem A,Rowell Rock > Buttermilk Stem Area > Buttermilks Main > Buttermilk Country > Bishop Area > Sierra Eastside > California,https://www.mountainproject.com/route/106322590/problem-a,2.2,-1,Boulder,V1 PG13,1,25,37.32878,-118.57687,106322590,1,6,1,5,9
Problem B,Rowell Rock > Buttermilk Stem Area > Buttermilks Main > Buttermilk Country > Bishop Area > Sierra Eastside > California,https://www.mountainproject.com/route/106322596/problem-b,2.1,-1,Boulder,V1 PG13,1,20,37.32878,-118.57687,106322596,1,8,3,4,12
Warm up to Hobbs,Corner Boulders > Buttermilks Main > Buttermilk Country > Bishop Area > Sierra Eastside > California,https://www.mountainproject.com/route/114316113/warm-up-to-hobbs,3,-1,Boulder,V1,1,12,37.32909,-118.57791,114316113,1,2,2,12,4
Unnamed V1,Boy and Girl Rocks > Buttermilks Main > Buttermilk Country > Bishop Area > Sierra Eastside > California,https://www.mountainproject.com/route/107030002/unnamed-v1,2.1,-1,Boulder,V1,1,12,37.32993,-118.57853,107030002,1,24,4,11,46
Flakes,Buttocks/Smooth Shrimp Boulder > Buttermilks Main > Buttermilk Country > Bishop Area > Sierra Eastside > California,https://www.mountainproject.com/route/108002634/flakes,2.6,-1,Boulder,V1,1,,37.32923,-118.57528,108002634,1,35,9,33,64
The Buttocks,Buttocks/Smooth Shrimp Boulder > Buttermilks Main > Buttermilk Country > Bishop Area > Sierra Eastside > California,https://www.mountainproject.com/route/108002643/the-buttocks,2,-1,Boulder,V1,1,,37.32923,-118.57528,108002643,1,2,1,5,5
The Womb (Birthing Experience),Womb Boulder > Buttermilks Main > Buttermilk Country > Bishop Area > Sierra Eastside > California,https://www.mountainproject.com/route/107052779/the-womb-birthing-experience,3,-1,Boulder,V1,1,12,37.329,-118.57473,107052779,1,129,46,207,236
Tubular,Sharma Traverse Boulder > Buttermilks Main > Buttermilk Country > Bishop Area > Sierra Eastside > California,https://www.mountainproject.com/route/114189856/tubular,3,-1,Boulder,V1,1,12,37.32954,-118.57498,114189856,1,1,1,5,0
Heart Prow,Heart Prow Boulder > Zeppelin Area > Dale's Camp > Buttermilk Country > Bishop Area > Sierra Eastside > California,https://www.mountainproject.com/route/108088018/heart-prow,2.5,-1,Boulder,V1,1,,37.3184,-118.5741,108088018,1,6,3,11,5
No Chicken,Chicken Head Boulder > Zeppelin Area > Dale's Camp > Buttermilk Country > Bishop Area > Sierra Eastside > California,https://www.mountainproject.com/route/116715500/no-chicken,2,-1,Boulder,V1,1,12,37.31826,-118.5744,116715500,1,1,1,0,1
Ballbuster,Queen Sweet Nectar Boulder > Secrets of the Beehive Area > Beehive Area > Buttermilk Country > Bishop Area > Sierra Eastside > California,https://www.mountainproject.com/route/112499920/ballbuster,2,-1,Boulder,V1,1,20,37.33684,-118.57604,112499920,1,1,1,2,0
Boneyard Rail Problem,Boneyard Area > Painted Cave Area > Buttermilk Country > Bishop Area > Sierra Eastside > California,https://www.mountainproject.com/route/111715390/boneyard-rail-problem,2,-1,Boulder,V1,1,14,37.32143,-118.58055,111715390,1,1,1,1,0
The Shard,Warmup Boulders > Bardini Boulders > Buttermilk Country > Bishop Area > Sierra Eastside > California,https://www.mountainproject.com/route/114054351/the-shard,2,-1,Boulder,V1,1,,37.31829,-118.5863,114054351,1,1,1,3,0
White Face,Warmup Boulders > Bardini Boulders > Buttermilk Country > Bishop Area > Sierra Eastside > California,https://www.mountainproject.com/route/114054765/white-face,2,-1,Boulder,V1,1,,37.31829,-118.5863,114054765,1,1,1,0,0
The Glass House Arete,The Glass House > The Glass House > Buttermilk Country > Bishop Area > Sierra Eastside > California,https://www.mountainproject.com/route/114054434/the-glass-house-arete,2,-1,Boulder,V1 PG13,1,20,37.31538,-118.5724,114054434,1,1,1,1,0
Unknown,Creek Boulder > Heaven > Buttermilk Country > Bishop Area > Sierra Eastside > California,https://www.mountainproject.com/route/114054520/unknown,2,-1,"Boulder, Alpine",V1,1,,37.28557,-118.64861,114054520,1,1,1,1,0
West Face,Whale Boulder > Heaven > Buttermilk Country > Bishop Area > Sierra Eastside > California,https://www.mountainproject.com/route/114054598/west-face,2,-1,"Boulder, Alpine",V1 PG13,1,,37.28602,-118.64944,114054598,1,1,1,1,0
West Arete,Tang > Heaven > Buttermilk Country > Bishop Area > Sierra Eastside > California,https://www.mountainproject.com/route/114054638/west-arete,2,-1,"Boulder, Alpine",V1,1,,37.28499,-118.65077,114054638,1,1,1,6,0
Unnamed V2,Iron Man Boulder > Iron Man Area > Buttermilks Main > Buttermilk Country > Bishop Area > Sierra Eastside > California,https://www.mountainproject.com/route/107370951/unnamed-v2,2.3,-1,Boulder,V1+,1,,37.33001,-118.57811,107370951,1.25,37,18,10,62
Unnamed,Lower Smoking Boulder > Buttermilks Main > Buttermilk Country > Bishop Area > Sierra Eastside > California,https://www.mountainproject.com/route/107347384/unnamed,2.4,-1,Boulder,V1+,1,20,37.32881,-118.57469,107347384,1.25,5,5,10,5
Pothole Traverse,Pothole Boulder > Buttermilk Stem Area > Buttermilks Main > Buttermilk Country > Bishop Area > Sierra Eastside > California,https://www.mountainproject.com/route/106130742/pothole-traverse,2.5,-1,Boulder,V1-2,1,,37.32885,-118.57667,106130742,1.5,2,1,13,2
Wanderlust,Lidija / Pollen Grain Boulder > Pollen Grains / Lidija Boulders > Buttermilk Country > Bishop Area > Sierra Eastside > California,https://www.mountainproject.com/route/107027383/wanderlust,2.4,-1,Boulder,V2,1,,37.3377,-118.5701,107027383,2,18,5,9,24
Hunting Dog,Lidija / Pollen Grain Boulder > Pollen Grains / Lidija Boulders > Buttermilk Country > Bishop Area > Sierra Eastside > California,https://www.mountainproject.com/route/108477060/hunting-dog,2.3,-1,Boulder,V2,1,12,37.3377,-118.5701,108477060,2,18,1,6,22
Cover Me With Flowers,Honey Boulder > Pollen Grains / Lidija Boulders > Buttermilk Country > Bishop Area > Sierra Eastside > California,https://www.mountainproject.com/route/108054574/cover-me-with-flowers,3.3,-1,Boulder,V2,1,,37.337,-118.5702,108054574,2,39,11,122,48
Timothy Leary Presents...,The Hive Boulder > Pollen Grains / Lidija Boulders > Buttermilk Country > Bishop Area > Sierra Eastside > California,https://www.mountainproject.com/route/112252241/timothy-leary-presents,3.4,-1,Boulder,V2,1,20,37.33781,-118.57337,112252241,2,5,3,26,2
North Face Direct,Grandma Peabody Boulder > Peabody Boulders > Buttermilks Main > Buttermilk Country > Bishop Area > Sierra Eastside > California,https://www.mountainproject.com/route/106378692/north-face-direct,3.3,-1,Boulder,V2,1,20,37.32837,-118.57479,106378692,2,21,6,71,30
Birthday Left (SDS),Birthday Boulders > Buttermilks Main > Buttermilk Country > Bishop Area > Sierra Eastside > California,https://www.mountainproject.com/route/106027084/birthday-left-sds,2.1,-1,Boulder,V2,1,12,37.33004,-118.57901,106027084,2,27,5,10,42
The Prow,Birthday Boulders > Buttermilks Main > Buttermilk Country > Bishop Area > Sierra Eastside > California,https://www.mountainproject.com/route/106131018/the-prow,2.8,-1,Boulder,V2,1,16,37.33004,-118.57901,106131018,2,213,60,100,409
North Roof Crack,Birthday Boulders > Buttermilks Main > Buttermilk Country > Bishop Area > Sierra Eastside > California,https://www.mountainproject.com/route/106495109/north-roof-crack,2.3,-1,Boulder,V2,1,,37.33004,-118.57901,106495109,2,3,1,8,4
Inner Sanctum,Cave Boulder > Cave Area > Buttermilks Main > Buttermilk Country > Bishop Area > Sierra Eastside > California,https://www.mountainproject.com/route/107064103/inner-sanctum,2.4,-1,Boulder,V2,1,8,37.32863,-118.57634,107064103,2,49,12,42,81
Green Wall Essential,Green Wall Boulder > Buttermilks Main > Buttermilk Country > Bishop Area > Sierra Eastside > California,https://www.mountainproject.com/route/105936142/green-wall-essential,3.1,-1,Boulder,V2,1,20,37.32873,-118.57534,105936142,2,287,82,162,493
Problem C,Ranger Rock > Buttermilks Main > Buttermilk Country > Bishop Area > Sierra Eastside > California,https://www.mountainproject.com/route/105936782/problem-c,2.8,-1,Boulder,V2,1,,37.32964,-118.57869,105936782,2,21,5,11,41
Problem I,Ranger Rock > Buttermilks Main > Buttermilk Country > Bishop Area > Sierra Eastside > California,https://www.mountainproject.com/route/105936806/problem-i,1.3,-1,Boulder,V2,1,,37.32964,-118.57869,105936806,2,10,2,3,27
Problem E,Ranger Rock > Buttermilks Main > Buttermilk Country > Bishop Area > Sierra Eastside > California,https://www.mountainproject.com/route/106060912/problem-e,1.4,-1,Boulder,V2,1,,37.32964,-118.57869,106060912,2,10,2,5,21
Unnamed Slab,Ranger Rock > Buttermilks Main > Buttermilk Country > Bishop Area > Sierra Eastside > California,https://www.mountainproject.com/route/114223690/unnamed-slab,2,-1,Boulder,V2,1,,37.32964,-118.57869,114223690,2,1,1,1,1
Monkey Dihedral,Saigon Boulder > Buttermilks Main > Buttermilk Country > Bishop Area > Sierra Eastside > California,https://www.mountainproject.com/route/106908986/monkey-dihedral,3.3,-1,Boulder,V2,1,17,37.32944,-118.57548,106908986,2,71,18,158,108
Sheepherder,The Loaf > Buttermilks Main > Buttermilk Country > Bishop Area > Sierra Eastside > California,https://www.mountainproject.com/route/106279792/sheepherder,3.5,-1,Boulder,V2,1,,37.33022,-118.57882,106279792,2,76,24,100,86
Scoop,Stained Glass/Flyboy Area > Buttermilks Main > Buttermilk Country > Bishop Area > Sierra Eastside > California,https://www.mountainproject.com/route/115381134/scoop,2,-1,Boulder,V2,1,15,37.33057,-118.57834,115381134,2,2,1,0,2
Problem A,Tut Boulder > Buttermilks Main > Buttermilk Country > Bishop Area > Sierra Eastside > California,https://www.mountainproject.com/route/106060948/problem-a,2,-1,Boulder,V2,1,,37.329,-118.5773,106060948,2,8,2,6,18
Problem E,Fit Homeless Boulder > Buttermilks Main > Buttermilk Country > Bishop Area > Sierra Eastside > California,https://www.mountainproject.com/route/106060983/problem-e,2,-1,Boulder,V2,1,,37.32895,-118.57595,106060983,2,19,5,6,33
Problem A,Buttermilk Stem Boulder > Buttermilk Stem Area > Buttermilks Main > Buttermilk Country > Bishop Area > Sierra Eastside > California,https://www.mountainproject.com/route/106322579/problem-a,2.6,-1,Boulder,V2,1,15,37.32906,-118.5768,106322579,2,16,5,14,24
Hobbs' Problem,Corner Boulders > Buttermilks Main > Buttermilk Country > Bishop Area > Sierra Eastside > California,https://www.mountainproject.com/route/106353989/hobbs-problem,3,-1,Boulder,V2,1,15,37.32909,-118.57791,106353989,2,25,6,28,37
The Hunk,The Hunk > Buttermilks Main > Buttermilk Country > Bishop Area > Sierra Eastside > California,https://www.mountainproject.com/route/106382086/the-hunk,3.7,-1,Boulder,V2,1,20,37.32886,-118.57512,106382086,2,182,56,292,267
Dale's Right,Led Zeppelin Boulder > Zeppelin Area > Dale's Camp > Buttermilk Country > Bishop Area > Sierra Eastside > California,https://www.mountainproject.com/route/106418652/dales-right,3,-1,Boulder,V2,1,15,37.31777,-118.57443,106418652,2,7,2,7,6
Unnamed V2,Fear Of A Black Planet Boulder > Small Fruit > Dale's Camp > Buttermilk Country > Bishop Area > Sierra Eastside > California,https://www.mountainproject.com/route/114241147/unnamed-v2,2,-1,Boulder,V2,1,,37.32093,-118.57408,114241147,2,1,1,1,1
"No Words, No Talk",Queen Sweet Nectar Boulder > Secrets of the Beehive Area > Beehive Area > Buttermilk Country > Bishop Area > Sierra Eastside > California,https://www.mountainproject.com/route/112499909/no-words-no-talk,1,-1,Boulder,V2 PG13,1,32,37.33684,-118.57604,112499909,2,1,1,0,0
Xen,Xen Boulder > Painted Cave Area > Buttermilk Country > Bishop Area > Sierra Eastside > California,https://www.mountainproject.com/route/111728209/xen,3.5,-1,Boulder,V2,1,12,37.32287,-118.5802,111728209,2,4,1,24,2
unknown,Walkabout 4 > Walkabout Boulders > Bardini Boulders > Buttermilk Country > Bishop Area > Sierra Eastside > California,https://www.mountainproject.com/route/114054783/unknown,2,-1,Boulder,V2,1,,37.31611,-118.58189,114054783,2,1,1,1,0
Birthday Link,Birthday Boulders > Buttermilks Main > Buttermilk Country > Bishop Area > Sierra Eastside > California,https://www.mountainproject.com/route/106277567/birthday-link,2.6,-1,Boulder,V2+,1,12,37.33004,-118.57901,106277567,2.25,25,7,12,50
To Kill Ya Corner,Get Carter Boulder > Buttermilk Country > Bishop Area > Sierra Eastside > California,https://www.mountainproject.com/route/106029305/to-kill-ya-corner,3.1,-1,Boulder,V3,1,,37.3388,-118.5776,106029305,3,31,7,24,33
Perry's Pose,Get Carter Boulder > Buttermilk Country > Bishop Area > Sierra Eastside > California,https://www.mountainproject.com/route/111683780/perrys-pose,3,-1,Boulder,V3,1,10,37.3388,-118.5776,111683780,3,2,1,16,2
Edge of Reason,Edge of Reason Boulder > Checkerboard Area > Buttermilk Country > Bishop Area > Sierra Eastside > California,https://www.mountainproject.com/route/111730011/edge-of-reason,2.2,-1,Boulder,V3,1,13,37.32508,-118.58025,111730011,3,6,3,10,6
Lidija's Mouth,Lidija / Pollen Grain Boulder > Pollen Grains / Lidija Boulders > Buttermilk Country > Bishop Area > Sierra Eastside > California,https://www.mountainproject.com/route/106589288/lidijas-mouth,3.5,-1,Boulder,V3,1,12,37.3377,-118.5701,106589288,3,77,28,171,87
Bee Sneeze,Apiary Boulder > Apiary Area > Pollen Grains / Lidija Boulders > Buttermilk Country > Bishop Area > Sierra Eastside > California,https://www.mountainproject.com/route/108087978/bee-sneeze,3.3,-1,Boulder,V3 PG13,1,20,37.3378,-118.5725,108087978,3,6,5,17,5
Scooped Face,Honey Bear Bong Boulder > Apiary Area > Pollen Grains / Lidija Boulders > Buttermilk Country > Bishop Area > Sierra Eastside > California,https://www.mountainproject.com/route/108107994/scooped-face,3,-1,Boulder,V3 R,1,25,37.3378,-118.5727,108107994,3.25,6,4,5,4
Birthday Direct,Birthday Boulders > Buttermilks Main > Buttermilk Country > Bishop Area > Sierra Eastside > California,https://www.mountainproject.com/route/106027088/birthday-direct,3.3,-1,Boulder,V3,1,12,37.33004,-118.57901,106027088,3,239,80,317,391
Problem E,Birthday Boulders > Buttermilks Main > Buttermilk Country > Bishop Area > Sierra Eastside > California,https://www.mountainproject.com/route/106277539/problem-e,2.5,-1,Boulder,V3,1,12,37.33004,-118.57901,106277539,3,8,3,9,14
Problem F,Birthday Boulders > Buttermilks Main > Buttermilk Country > Bishop Area > Sierra Eastside > California,https://www.mountainproject.com/route/106277548/problem-f,2.6,-1,Boulder,V3,1,12,37.33004,-118.57901,106277548,3,13,2,8,20
Birthday Skyline,Birthday Boulders > Buttermilks Main > Buttermilk Country > Bishop Area > Sierra Eastside > California,https://www.mountainproject.com/route/106277573/birthday-skyline,2.5,-1,Boulder,V3,1,12,37.33004,-118.57901,106277573,3,68,17,39,86
South Roof Crack,Birthday Boulders > Buttermilks Main > Buttermilk Country > Bishop Area > Sierra Eastside > California,https://www.mountainproject.com/route/106495092/south-roof-crack,2.5,-1,Boulder,V3,1,,37.33004,-118.57901,106495092,3,2,1,8,2
Dyno Problem,Cave Boulder > Cave Area > Buttermilks Main > Buttermilk Country > Bishop Area > Sierra Eastside > California,https://www.mountainproject.com/route/108048847/dyno-problem,2.4,-1,Boulder,V3,1,12,37.32863,-118.57634,108048847,3,10,6,5,11
East Rib,Green Wall Boulder > Buttermilks Main > Buttermilk Country > Bishop Area > Sierra Eastside > California,https://www.mountainproject.com/route/107908759/east-rib,3.5,-1,Boulder,V3 PG13,1,30,37.32873,-118.57534,107908759,3,15,3,16,15
Rail Problem,Roadside Boulder > Roadside Area > Buttermilks Main > Buttermilk Country > Bishop Area > Sierra Eastside > California,https://www.mountainproject.com/route/105936169/rail-problem,2.3,-1,Boulder,V3,1,,37.3282,-118.5761,105936169,3,32,8,12,45
Roadside Highball,Roadside Boulder > Roadside Area > Buttermilks Main > Buttermilk Country > Bishop Area > Sierra Eastside > California,https://www.mountainproject.com/route/107916146/roadside-highball,3.5,-1,Boulder,V3 PG13,1,18,37.3282,-118.5761,107916146,3,15,3,11,15
Slots,Scoop Boulder > Roadside Area > Buttermilks Main > Buttermilk Country > Bishop Area > Sierra Eastside > California,https://www.mountainproject.com/route/107987370/slots,1.5,-1,Boulder,V3,1,12,37.3282,-118.5762,107987370,3,2,1,5,1
Problem A,Ranger Rock > Buttermilks Main > Buttermilk Country > Bishop Area > Sierra Eastside > California,https://www.mountainproject.com/route/105936787/problem-a,2.3,-1,Boulder,V3,1,,37.32964,-118.57869,105936787,3,24,9,14,43
Yeast,The Loaf > Buttermilks Main > Buttermilk Country > Bishop Area > Sierra Eastside > California,https://www.mountainproject.com/route/108602480/yeast,3,-1,Boulder,V3,1,,37.33022,-118.57882,108602480,3,10,4,5,14
Dough Boy,The Loaf > Buttermilks Main > Buttermilk Country > Bishop Area > Sierra Eastside > California,https://www.mountainproject.com/route/108637157/dough-boy,2.5,-1,Boulder,V3,1,15,37.33022,-118.57882,108637157,3,4,1,8,5
Unnamed V3,Stained Glass/Flyboy Area > Buttermilks Main > Buttermilk Country > Bishop Area > Sierra Eastside > California,https://www.mountainproject.com/route/106881121/unnamed-v3,2.2,-1,Boulder,V3,1,,37.33057,-118.57834,106881121,3,9,2,4,10
East Side Story,Stained Glass/Flyboy Area > Buttermilks Main > Buttermilk Country > Bishop Area > Sierra Eastside > California,https://www.mountainproject.com/route/108367743/east-side-story,3.8,-1,Boulder,V3,1,30,37.33057,-118.57834,108367743,3,17,10,100,18
King Tut,Tut Boulder > Buttermilks Main > Buttermilk Country > Bishop Area > Sierra Eastside > California,https://www.mountainproject.com/route/105972724/king-tut,3.3,-1,Boulder,V3,1,17,37.329,-118.5773,105972724,3,216,54,209,350
Funky Tut,Tut Boulder > Buttermilks Main > Buttermilk Country > Bishop Area > Sierra Eastside > California,https://www.mountainproject.com/route/106077053/funky-tut,3.2,-1,Boulder,V3,1,15,37.329,-118.5773,106077053,3,218,48,127,388
Tut Crack,Tut Boulder > Buttermilks Main > Buttermilk Country > Bishop Area > Sierra Eastside > California,https://www.mountainproject.com/route/113967435/tut-crack,2,-1,Boulder,V3,1,,37.329,-118.5773,113967435,3,2,1,3,2
Pope's Problem,Pope's Hat > Buttermilks Main > Buttermilk Country > Bishop Area > Sierra Eastside > California,https://www.mountainproject.com/route/109565882/popes-problem,3.3,-1,Boulder,V3 R,1,25,37.33013,-118.5785,109565882,3.25,8,6,32,5
Dale's Left,Led Zeppelin Boulder > Zeppelin Area > Dale's Camp > Buttermilk Country > Bishop Area > Sierra Eastside > California,https://www.mountainproject.com/route/106568823/dales-left,2.7,-1,Boulder,V3,1,18,37.31777,-118.57443,106568823,3,3,2,2,2
Agent Orange,Agent Orange Boulder > Zeppelin Area > Dale's Camp > Buttermilk Country > Bishop Area > Sierra Eastside > California,https://www.mountainproject.com/route/116715318/agent-orange,1,-1,Boulder,V3,1,12,37.31821,-118.57395,116715318,3,1,1,0,1
Unnamed V3,Xav's Roof Boulder > Hueco Wall Area > Dale's Camp > Buttermilk Country > Bishop Area > Sierra Eastside > California,https://www.mountainproject.com/route/114241195/unnamed-v3,2,-1,Boulder,V3,1,,37.31814,-118.57567,114241195,3,1,1,0,1
Small Fruit,Small Fruit Boulder > Small Fruit > Dale's Camp > Buttermilk Country > Bishop Area > Sierra Eastside > California,https://www.mountainproject.com/route/114241174/small-fruit,3,-1,Boulder,V3,1,,37.32093,-118.57407,114241174,3,1,1,2,0
Bone Bulge,Boneyard Area > Painted Cave Area > Buttermilk Country > Bishop Area > Sierra Eastside > California,https://www.mountainproject.com/route/111715456/bone-bulge,1,-1,Boulder,V3,1,14,37.32143,-118.58055,111715456,3,1,1,0,0
Split Arete,Xen Boulder > Painted Cave Area > Buttermilk Country > Bishop Area > Sierra Eastside > California,https://www.mountainproject.com/route/111728223/split-arete,2,-1,Boulder,V3,1,14,37.32287,-118.5802,111728223,3,1,1,2,0
Green Face,Warmup Boulders > Bardini Boulders > Buttermilk Country > Bishop Area > Sierra Eastside > California,https://www.mountainproject.com/route/114054355/green-face,2,-1,Boulder,V3,1,15,37.31829,-118.5863,114054355,3,1,1,0,0
Snake Eyes,Snake Eyes Boulder > The Glass House > Buttermilk Country > Bishop Area > Sierra Eastside > California,https://www.mountainproject.com/route/114054451/snake-eyes,2,-1,Boulder,V3,1,,37.31538,-118.5724,114054451,3,1,1,0,0
The Green Room,The Green Room > The Glass House > Buttermilk Country > Bishop Area > Sierra Eastside > California,https://www.mountainproject.com/route/114054469/the-green-room,2,-1,Boulder,V3 PG13,1,,37.31518,-118.57184,114054469,3,1,1,0,0
Unknown,The Orange Slab Boulder > Heaven > Buttermilk Country > Bishop Area > Sierra Eastside > California,https://www.mountainproject.com/route/114054542/unknown,4,-1,"Boulder, Alpine",V3 R,1,,37.28632,-118.64951,114054542,3.25,1,1,4,0
Iron Woman Traverse,Iron Woman > Heaven > Buttermilk Country > Bishop Area > Sierra Eastside > California,https://www.mountainproject.com/route/114054604/iron-woman-traverse,2,-1,"Boulder, Alpine",V3,1,,37.28687,-118.64932,114054604,3,1,1,4,0
The Pit,The Pit Boulder > Heaven > Buttermilk Country > Bishop Area > Sierra Eastside > California,https://www.mountainproject.com/route/114054613/the-pit,2,-1,"Boulder, Alpine",V3 PG13,1,,37.28678,-118.64973,114054613,3,1,1,0,0
Cracked,Cracked Boulder > Heaven > Buttermilk Country > Bishop Area > Sierra Eastside > California,https://www.mountainproject.com/route/114054623/cracked,3,-1,"Boulder, Alpine",V3 PG13,1,,37.2863,-118.65008,114054623,3,1,1,0,0
HooHaw,The Sexy Bloc > Buttermilk Country > Bishop Area > Sierra Eastside > California,https://www.mountainproject.com/route/115394209/hoohaw,2.5,-1,Boulder,V3,1,14,37.33501,-118.55503,115394209,3,2,1,7,2
Iron Man Sit,Iron Man Boulder > Iron Man Area > Buttermilks Main > Buttermilk Country > Bishop Area > Sierra Eastside > California,https://www.mountainproject.com/route/112790594/iron-man-sit,4,-1,Boulder,V3+,1,,37.33001,-118.57811,112790594,3.25,1,1,19,3
Big Dave's Big Find,Upside Boulder > Buttermilks Main > Buttermilk Country > Bishop Area > Sierra Eastside > California,https://www.mountainproject.com/route/106916321/big-daves-big-find,1.5,-1,Boulder,V3+,1,15,37.3276,-118.5757,106916321,3.25,2,2,3,2
Cuban Roll,Cuban Roll Boulder > Zeppelin Area > Dale's Camp > Buttermilk Country > Bishop Area > Sierra Eastside > California,https://www.mountainproject.com/route/106568885/cuban-roll,3.5,-1,Boulder,V3+,1,20,37.31742,-118.5743,106568885,3.25,12,6,20,11
Charlie Brown,Charlie Brown Boulders > Painted Cave Area > Buttermilk Country > Bishop Area > Sierra Eastside > California,https://www.mountainproject.com/route/111712253/charlie-brown,1.5,-1,Boulder,V3+,1,10,37.32283,-118.57926,111712253,3.25,4,3,0,3
West Corner,Grandma Peabody Boulder > Peabody Boulders > Buttermilks Main > Buttermilk Country > Bishop Area > Sierra Eastside > California,https://www.mountainproject.com/route/105969025/west-corner,2.2,-1,Boulder,V3-4,1,12,37.32837,-118.57479,105969025,3.5,13,4,13,15
Grovel Roof,Grovel Roof Boulder > Buttermilks Main > Buttermilk Country > Bishop Area > Sierra Eastside > California,https://www.mountainproject.com/route/106909066/grovel-roof,2.6,-1,Boulder,V3-4,1,15,37.32987,-118.57783,106909066,3.5,8,3,15,10
Follow The Pollen Path,Beekeeper Boulder > Pollen Grains / Lidija Boulders > Buttermilk Country > Bishop Area > Sierra Eastside > California,https://www.mountainproject.com/route/109665927/follow-the-pollen-path,2.3,-1,Boulder,V4-,1,15,37.3383,-118.5721,109665927,3.75,6,1,8,8
The Rising,The Loaf > Buttermilks Main > Buttermilk Country > Bishop Area > Sierra Eastside > California,https://www.mountainproject.com/route/106027098/the-rising,2.9,-1,Boulder,V4-,1,,37.33022,-118.57882,106027098,3.75,49,14,53,64
Buttermilk Stem SDS,Buttermilk Stem Boulder > Buttermilk Stem Area > Buttermilks Main > Buttermilk Country > Bishop Area > Sierra Eastside > California,https://www.mountainproject.com/route/109519160/buttermilk-stem-sds,3.4,-1,Boulder,V4-,1,15,37.32906,-118.5768,109519160,3.75,40,15,77,71
Grommit,Get Carter Boulder > Buttermilk Country > Bishop Area > Sierra Eastside > California,https://www.mountainproject.com/route/106381955/grommit,3.7,-1,Boulder,V4,1,15,37.3388,-118.5776,106381955,4,18,8,44,15
"No Sense, No Reason",Edge of Reason Boulder > Checkerboard Area > Buttermilk Country > Bishop Area > Sierra Eastside > California,https://www.mountainproject.com/route/111730042/no-sense-no-reason,2.8,-1,Boulder,V4,1,13,37.32508,-118.58025,111730042,4,6,2,13,7
Beekeeping for Profit & Pleasure,Beekeeper Boulder > Pollen Grains / Lidija Boulders > Buttermilk Country > Bishop Area > Sierra Eastside > California,https://www.mountainproject.com/route/106408152/beekeeping-for-profit-pleasure,3.1,-1,Boulder,V4,1,25,37.3383,-118.5721,106408152,4,14,3,30,16
Jedi Mind Tricks,Jedi Boulder > Pollen Grains / Lidija Boulders > Buttermilk Country > Bishop Area > Sierra Eastside > California,https://www.mountainproject.com/route/106464345/jedi-mind-tricks,3.9,-1,Boulder,V4 PG13,1,25,37.3366,-118.5703,106464345,4,121,45,546,160
Slipstream,Grandma Peabody Boulder > Peabody Boulders > Buttermilks Main > Buttermilk Country > Bishop Area > Sierra Eastside > California,https://www.mountainproject.com/route/111728208/slipstream,1.7,-1,Boulder,V4,1,10,37.32837,-118.57479,111728208,4,3,1,1,2
Cave Problem,Grandpa Peabody Boulder > Peabody Boulders > Buttermilks Main > Buttermilk Country > Bishop Area > Sierra Eastside > California,https://www.mountainproject.com/route/105936107/cave-problem,2.4,-1,Boulder,V4,1,,37.32817,-118.57477,105936107,4,86,28,95,136
East Face Sit,Drifter/Smoking Boulder > Buttermilks Main > Buttermilk Country > Bishop Area > Sierra Eastside > California,https://www.mountainproject.com/route/114263540/east-face-sit,2.7,-1,Boulder,V4,1,35,37.32888,-118.57484,114263540,4,3,2,2,2
Dripper,Drifter/Smoking Boulder > Buttermilks Main > Buttermilk Country > Bishop Area > Sierra Eastside > California,https://www.mountainproject.com/route/115681919/dripper,3,-1,Boulder,V4,1,25,37.32888,-118.57484,115681919,4,2,1,1,1
Problem B SDS,Green Wall Boulder > Buttermilks Main > Buttermilk Country > Bishop Area > Sierra Eastside > California,https://www.mountainproject.com/route/108934821/problem-b-sds,1,-1,Boulder,V4,1,10,37.32873,-118.57534,108934821,4,2,1,1,5
Problem B,Roadside Boulder > Roadside Area > Buttermilks Main > Buttermilk Country > Bishop Area > Sierra Eastside > California,https://www.mountainproject.com/route/107987397/problem-b,1.6,-1,Boulder,V4,1,18,37.3282,-118.5761,107987397,4,5,2,3,7
Bowling Pin,Bowling Pin Boulder > Buttermilks Main > Buttermilk Country > Bishop Area > Sierra Eastside > California,https://www.mountainproject.com/route/105936179/bowling-pin,3.6,-1,Boulder,V4,1,,37.32959,-118.5772,105936179,4,168,67,288,196
Hager Face,Hager Boulder > Iron Man East Area > Buttermilks Main > Buttermilk Country > Bishop Area > Sierra Eastside > California,https://www.mountainproject.com/route/106095854/hager-face,2.3,-1,Boulder,V4,1,15,37.33014,-118.57777,106095854,4,6,1,7,7
Iron Man Traverse,Iron Man Boulder > Iron Man Area > Buttermilks Main > Buttermilk Country > Bishop Area > Sierra Eastside > California,https://www.mountainproject.com/route/105936763/iron-man-traverse,3.6,-1,Boulder,V4,1,,37.33001,-118.57811,105936763,4,329,89,552,493
Unnamed V4,Iron Man Boulder > Iron Man Area > Buttermilks Main > Buttermilk Country > Bishop Area > Sierra Eastside > California,https://www.mountainproject.com/route/107370986/unnamed-v4,1.5,-1,Boulder,V4,1,8,37.33001,-118.57811,107370986,4,2,1,2,2
Nan Bread,The Loaf > Buttermilks Main > Buttermilk Country > Bishop Area > Sierra Eastside > California,https://www.mountainproject.com/route/108637144/nan-bread,3.3,-1,Boulder,V4,1,15,37.33022,-118.57882,108637144,4,11,5,27,10
Lululator,Tut Boulder > Buttermilks Main > Buttermilk Country > Bishop Area > Sierra Eastside > California,https://www.mountainproject.com/route/106060941/lululator,2.5,-1,Boulder,V4,1,,37.329,-118.5773,106060941,4,26,8,14,32
Wimberries,Tut Boulder > Buttermilks Main > Buttermilk Country > Bishop Area > Sierra Eastside > California,https://www.mountainproject.com/route/107024502/wimberries,2.7,-1,Boulder,V4,1,15,37.329,-118.5773,107024502,4,22,8,9,26
Problem D SDS,Tut Boulder > Buttermilks Main > Buttermilk Country > Bishop Area > Sierra Eastside > California,https://www.mountainproject.com/route/108048884/problem-d-sds,1,-1,Boulder,V4,1,12,37.329,-118.5773,108048884,4,1,1,2,3
Unnamed (Brian's Finish),Buttermilk Stem Boulder > Buttermilk Stem Area > Buttermilks Main > Buttermilk Country > Bishop Area > Sierra Eastside > California,https://www.mountainproject.com/route/106130703/unnamed-brians-finish,2.3,-1,Boulder,V4,1,15,37.32906,-118.5768,106130703,4,12,5,3,14
Unnamed V4,Boy and Girl Rocks > Buttermilks Main > Buttermilk Country > Bishop Area > Sierra Eastside > California,https://www.mountainproject.com/route/106442744/unnamed-v4,2.4,-1,Boulder,V4,1,15,37.32993,-118.57853,106442744,4,22,6,7,42
Southwest Face,Pope's Hat > Buttermilks Main > Buttermilk Country > Bishop Area > Sierra Eastside > California,https://www.mountainproject.com/route/107045129/southwest-face,3,-1,"Trad, Boulder",V4,1,,37.33013,-118.5785,107045129,4,7,4,7,3
Green Hornet,Green Hornet Boulder > Dale's West > Dale's Camp > Buttermilk Country > Bishop Area > Sierra Eastside > California,https://www.mountainproject.com/route/106737211/green-hornet,3.9,-1,Boulder,V4,1,18,37.3185,-118.5781,106737211,4,38,18,95,45
The Form,Form Destroyer Roof Boulder > Beehive Area > Buttermilk Country > Bishop Area > Sierra Eastside > California,https://www.mountainproject.com/route/111711869/the-form,2,-1,Boulder,V4,1,20,37.33673,-118.57572,111711869,4,1,1,0,0
The Roof,Form Destroyer Roof Boulder > Beehive Area > Buttermilk Country > Bishop Area > Sierra Eastside > California,https://www.mountainproject.com/route/111711939/the-roof,1,-1,Boulder,V4,1,17,37.33673,-118.57572,111711939,4,1,1,0,0
"Harder, Browner",Charlie Brown Boulders > Painted Cave Area > Buttermilk Country > Bishop Area > Sierra Eastside > California,https://www.mountainproject.com/route/111712307/harder-browner,1.3,-1,Boulder,V4,1,11,37.32283,-118.57926,111712307,4,3,2,0,3
Boneyard Dyno,Boneyard Area > Painted Cave Area > Buttermilk Country > Bishop Area > Sierra Eastside > California,https://www.mountainproject.com/route/111715402/boneyard-dyno,1,-1,Boulder,V4,1,13,37.32143,-118.58055,111715402,4,1,1,1,0
Unknown,The McNugget > Bardini Boulders > Buttermilk Country > Bishop Area > Sierra Eastside > California,https://www.mountainproject.com/route/114054366/unknown,2,-1,Boulder,V4,1,10,37.31858,-118.58555,114054366,4,1,1,2,0
Snake Bite,Snake Eyes Boulder > The Glass House > Buttermilk Country > Bishop Area > Sierra Eastside > California,https://www.mountainproject.com/route/114054454/snake-bite,2,-1,Boulder,V4,1,,37.31538,-118.5724,114054454,4,1,1,1,0
Cracked Arete,Cracked Boulder > Heaven > Buttermilk Country > Bishop Area > Sierra Eastside > California,https://www.mountainproject.com/route/114054628/cracked-arete,3,-1,"Boulder, Alpine",V4 PG13,1,,37.2863,-118.65008,114054628,4,1,1,0,0
Burger Barn Boogie,Rowell Rock > Buttermilk Stem Area > Buttermilks Main > Buttermilk Country > Bishop Area > Sierra Eastside > California,https://www.mountainproject.com/route/116182012/burger-barn-boogie,2,-1,Boulder,V4+,1,25,37.32878,-118.57687,116182012,4.25,1,1,0,0
Macabre Proposition,Boneyard Area > Painted Cave Area > Buttermilk Country > Bishop Area > Sierra Eastside > California,https://www.mountainproject.com/route/111715447/macabre-proposition,2,-1,Boulder,V4+ PG13,1,15,37.32143,-118.58055,111715447,4.25,1,1,0,0
Checkerboard Crack,The Checkerboard Boulder > Checkerboard Area > Buttermilk Country > Bishop Area > Sierra Eastside > California,https://www.mountainproject.com/route/106705993/checkerboard-crack,1.8,-1,Boulder,V5,1,14,37.32544,-118.58067,106705993,5,4,4,1,6
Knight,The Knight Boulder > Checkerboard Area > Buttermilk Country > Bishop Area > Sierra Eastside > California,https://www.mountainproject.com/route/111729996/knight,2,-1,Boulder,V5,1,15,37.32544,-118.57988,111729996,5,1,1,2,0
The Beekeeper's Apprentice,Beekeeper Boulder > Pollen Grains / Lidija Boulders > Buttermilk Country > Bishop Area > Sierra Eastside > California,https://www.mountainproject.com/route/108473024/the-beekeepers-apprentice,3.1,-1,Boulder,V5,1,25,37.3383,-118.5721,108473024,5,7,3,20,7
Suspended in Silence,Lidija / Pollen Grain Boulder > Pollen Grains / Lidija Boulders > Buttermilk Country > Bishop Area > Sierra Eastside > California,https://www.mountainproject.com/route/106645675/suspended-in-silence,3.8,-1,Boulder,V5 R,1,40,37.3377,-118.5701,106645675,5.25,61,26,104,57
Gazelle,Lidija / Pollen Grain Boulder > Pollen Grains / Lidija Boulders > Buttermilk Country > Bishop Area > Sierra Eastside > California,https://www.mountainproject.com/route/112432529/gazelle,2.3,-1,Boulder,V5,1,15,37.3377,-118.5701,112432529,5,7,1,3,9
Christine Keeler,Honey Boulder > Pollen Grains / Lidija Boulders > Buttermilk Country > Bishop Area > Sierra Eastside > California,https://www.mountainproject.com/route/108700855/christine-keeler,1.3,-1,Boulder,V5,1,,37.337,-118.5702,108700855,5,4,1,1,4
Go Granny Go,Grandma Peabody Boulder > Peabody Boulders > Buttermilks Main > Buttermilk Country > Bishop Area > Sierra Eastside > California,https://www.mountainproject.com/route/105879221/go-granny-go,2.9,-1,Boulder,V5,1,15,37.32837,-118.57479,105879221,5,128,47,172,172
Go Granny Go  Right Finish (V5),Grandma Peabody Boulder > Peabody Boulders > Buttermilks Main > Buttermilk Country > Bishop Area > Sierra Eastside > California,https://www.mountainproject.com/route/106662650/go-granny-go-right-finish-v5,3,-1,Boulder,V5,1,10,37.32837,-118.57479,106662650,5,56,16,62,79
Transporter Room,Grandpa Peabody Boulder > Peabody Boulders > Buttermilks Main > Buttermilk Country > Bishop Area > Sierra Eastside > California,https://www.mountainproject.com/route/107956650/transporter-room,2.7,-1,Boulder,5.12c V5 X,1,45,37.32817,-118.57477,107956650,5,3,1,3,2
The Knobs,Drifter/Smoking Boulder > Buttermilks Main > Buttermilk Country > Bishop Area > Sierra Eastside > California,https://www.mountainproject.com/route/107552546/the-knobs,2.9,-1,Boulder,V5,1,,37.32888,-118.57484,107552546,5,18,8,26,17
Devoted Traverse,Mandala/Pope's Prow Boulder > Buttermilks Main > Buttermilk Country > Bishop Area > Sierra Eastside > California,https://www.mountainproject.com/route/109903545/devoted-traverse,2.7,-1,Boulder,V5,1,,37.32909,-118.57492,109903545,5,48,21,35,62
Lactose Intolerant,Cave Boulder > Cave Area > Buttermilks Main > Buttermilk Country > Bishop Area > Sierra Eastside > California,https://www.mountainproject.com/route/106070967/lactose-intolerant,3.2,-1,Boulder,V5,1,,37.32863,-118.57634,106070967,5,5,2,35,2
"Gleaming the Cube, High Start",Cave Boulder > Cave Area > Buttermilks Main > Buttermilk Country > Bishop Area > Sierra Eastside > California,https://www.mountainproject.com/route/108512652/gleaming-the-cube-high-start,2.6,-1,Boulder,V5,1,15,37.32863,-118.57634,108512652,5,15,8,10,30
Pain Grain (Stand),Cave Boulder > Cave Area > Buttermilks Main > Buttermilk Country > Bishop Area > Sierra Eastside > California,https://www.mountainproject.com/route/114007601/pain-grain-stand,3.3,-1,Boulder,V5,1,12,37.32863,-118.57634,114007601,5,9,3,25,14
2D,Cave Boulder > Cave Area > Buttermilks Main > Buttermilk Country > Bishop Area > Sierra Eastside > California,https://www.mountainproject.com/route/114025039/2d,2,-1,Boulder,V5,1,15,37.32863,-118.57634,114025039,5,1,1,0,1
Marsha's Scoop (AKA Marsha's Nipple),Scoop Boulder > Roadside Area > Buttermilks Main > Buttermilk Country > Bishop Area > Sierra Eastside > California,https://www.mountainproject.com/route/107916151/marshas-scoop-aka-marshas-nipple,3.5,-1,Boulder,V5,1,10,37.3282,-118.5762,107916151,5,2,1,8,2
Gutter Ball,Bowling Pin Boulder > Buttermilks Main > Buttermilk Country > Bishop Area > Sierra Eastside > California,https://www.mountainproject.com/route/115681956/gutter-ball,2,-1,Boulder,V5,1,20,37.32959,-118.5772,115681956,5,1,1,0,0
Easy Grit,Hero  Roof Boulder > Iron Man Area > Buttermilks Main > Buttermilk Country > Bishop Area > Sierra Eastside > California,https://www.mountainproject.com/route/106127021/easy-grit,2.3,-1,Boulder,V5,1,,37.33,-118.5782,106127021,5,10,3,13,9
Rail Problem,Ranger Rock > Buttermilks Main > Buttermilk Country > Bishop Area > Sierra Eastside > California,https://www.mountainproject.com/route/105936809/rail-problem,2.5,-1,Boulder,V5,1,,37.32964,-118.57869,105936809,5,15,9,9,21
Problem B,Ranger Rock > Buttermilks Main > Buttermilk Country > Bishop Area > Sierra Eastside > California,https://www.mountainproject.com/route/106060902/problem-b,2.6,-1,Boulder,V5,1,,37.32964,-118.57869,106060902,5,7,4,4,7
Flyboy Arete,Stained Glass/Flyboy Area > Buttermilks Main > Buttermilk Country > Bishop Area > Sierra Eastside > California,https://www.mountainproject.com/route/106070944/flyboy-arete,3.1,-1,Boulder,V5,1,,37.33057,-118.57834,106070944,5,136,41,174,216
Tut Crack Left,Tut Boulder > Buttermilks Main > Buttermilk Country > Bishop Area > Sierra Eastside > California,https://www.mountainproject.com/route/107327240/tut-crack-left,2,-1,Boulder,V5,1,,37.329,-118.5773,107327240,5,3,2,2,3
Black Dot,Buttermilk Stem Boulder > Buttermilk Stem Area > Buttermilks Main > Buttermilk Country > Bishop Area > Sierra Eastside > California,https://www.mountainproject.com/route/109840303/black-dot,3,-1,Boulder,V5,1,,37.32906,-118.5768,109840303,5,7,2,16,5
Leary/Bard Arete,Corner Boulders > Buttermilks Main > Buttermilk Country > Bishop Area > Sierra Eastside > California,https://www.mountainproject.com/route/106351951/learybard-arete,3.8,-1,Boulder,V5,1,18,37.32909,-118.57791,106351951,5,73,15,103,98
Leary-Bard Left,Corner Boulders > Buttermilks Main > Buttermilk Country > Bishop Area > Sierra Eastside > California,https://www.mountainproject.com/route/108000535/leary-bard-left,3.3,-1,Boulder,V5,1,15,37.32909,-118.57791,108000535,5,10,4,10,8
Early Exit,Upside Boulder > Buttermilks Main > Buttermilk Country > Bishop Area > Sierra Eastside > California,https://www.mountainproject.com/route/106916326/early-exit,3.7,-1,Boulder,V5,1,15,37.3276,-118.5757,106916326,5,3,2,21,3
Bachar Problem Right/ Golden Boy,Bachar Boulder > Buttermilks Main > Buttermilk Country > Bishop Area > Sierra Eastside > California,https://www.mountainproject.com/route/106965066/bachar-problem-right-golden-boy,2.7,-1,Boulder,V5,1,15,37.32889,-118.57441,106965066,5,24,10,10,26
Perfectly Chicken,Buttocks/Smooth Shrimp Boulder > Buttermilks Main > Buttermilk Country > Bishop Area > Sierra Eastside > California,https://www.mountainproject.com/route/107490602/perfectly-chicken,2.5,-1,Boulder,V5,1,,37.32923,-118.57528,107490602,5,77,32,67,130
Xenolith Dyno-soar,Form Destroyer Roof Boulder > Beehive Area > Buttermilk Country > Bishop Area > Sierra Eastside > California,https://www.mountainproject.com/route/111711826/xenolith-dyno-soar,2,-1,Boulder,V5,1,12,37.33673,-118.57572,111711826,5,1,1,0,0
Eric's Dyno,Solitaire Boulder > Buttermilk Country > Bishop Area > Sierra Eastside > California,https://www.mountainproject.com/route/111686451/erics-dyno,2.3,-1,Boulder,V5,1,,37.32013,-118.57949,111686451,5,3,2,7,2
Pig Pen,Charlie Brown Boulders > Painted Cave Area > Buttermilk Country > Bishop Area > Sierra Eastside > California,https://www.mountainproject.com/route/111712325/pig-pen,2,-1,Boulder,V5,1,12,37.32283,-118.57926,111712325,5,2,2,0,1
The McNugget,The McNugget > Bardini Boulders > Buttermilk Country > Bishop Area > Sierra Eastside > California,https://www.mountainproject.com/route/114054755/the-mcnugget,2,-1,Boulder,V5,1,,37.31858,-118.58555,114054755,5,1,1,1,0
The Glass Face,The Glass House > The Glass House > Buttermilk Country > Bishop Area > Sierra Eastside > California,https://www.mountainproject.com/route/114054440/the-glass-face,3,-1,Boulder,V5 R,1,20,37.31538,-118.5724,114054440,5.25,1,1,6,0
The Mustache Ride,The Mustache Ride > Heaven > Buttermilk Country > Bishop Area > Sierra Eastside > California,https://www.mountainproject.com/route/114054530/the-mustache-ride,2,-1,"Boulder, Alpine",V5,1,,37.28619,-118.65069,114054530,5,1,1,2,0
Tang,Tang > Heaven > Buttermilk Country > Bishop Area > Sierra Eastside > California,https://www.mountainproject.com/route/114054684/tang,3,-1,"Boulder, Alpine",V5 PG13,1,,37.28499,-118.65077,114054684,5,1,1,0,0
Lubricated Baby Boomers,The Sexy Bloc > Buttermilk Country > Bishop Area > Sierra Eastside > California,https://www.mountainproject.com/route/115394099/lubricated-baby-boomers,3,-1,Boulder,V5,1,14,37.33501,-118.55503,115394099,5,2,1,6,2
Bachar Problem Left,Bachar Boulder > Buttermilks Main > Buttermilk Country > Bishop Area > Sierra Eastside > California,https://www.mountainproject.com/route/106965059/bachar-problem-left,3,-1,Boulder,V5+,1,15,37.32889,-118.57441,106965059,5.25,21,10,18,19
The Golden Rule,Luminance Block > Beehive Area > Buttermilk Country > Bishop Area > Sierra Eastside > California,https://www.mountainproject.com/route/114260637/the-golden-rule,2,-1,Boulder,V5+ X,1,34,37.33559,-118.57679,114260637,5.5,1,1,1,0
Shelter from the Storm,Cave Boulder > Cave Area > Buttermilks Main > Buttermilk Country > Bishop Area > Sierra Eastside > California,https://www.mountainproject.com/route/106501926/shelter-from-the-storm,2.4,-1,Boulder,V6-,1,,37.32863,-118.57634,106501926,5.75,27,17,15,30
Bowling Pin Sit,Bowling Pin Boulder > Buttermilks Main > Buttermilk Country > Bishop Area > Sierra Eastside > California,https://www.mountainproject.com/route/107419834/bowling-pin-sit,3.4,-1,Boulder,V6-,1,15,37.32959,-118.5772,107419834,5.75,86,41,99,114
Howard Carter SDS,Tut Boulder > Buttermilks Main > Buttermilk Country > Bishop Area > Sierra Eastside > California,https://www.mountainproject.com/route/106137389/howard-carter-sds,2.3,-1,Boulder,V6-,1,15,37.329,-118.5773,106137389,5.75,24,9,9,33
Secrets of the Beehive,Secrets of the Beehive Boulder > Secrets of the Beehive Area > Beehive Area > Buttermilk Country > Bishop Area > Sierra Eastside > California,https://www.mountainproject.com/route/106616292/secrets-of-the-beehive,3.9,-1,Boulder,V6- R,1,25,37.33711,-118.5759,106616292,6,11,9,35,7
Seven Spanish Angels (aka The Ruckus),Get Carter Boulder > Buttermilk Country > Bishop Area > Sierra Eastside > California,https://www.mountainproject.com/route/106070976/seven-spanish-angels-aka-the-ruckus,3.9,-1,Boulder,V6,1,14,37.3388,-118.5776,106070976,6,170,63,511,231
Kings and Castles,Chess Boulder > Checkerboard Area > Buttermilk Country > Bishop Area > Sierra Eastside > California,https://www.mountainproject.com/route/111744241/kings-and-castles,2.5,-1,Boulder,V6,1,10,37.32547,-118.57997,111744241,6,2,2,0,1
The Beekeeper,Beekeeper Boulder > Pollen Grains / Lidija Boulders > Buttermilk Country > Bishop Area > Sierra Eastside > California,https://www.mountainproject.com/route/106408175/the-beekeeper,3.8,-1,Boulder,V6 R,1,40,37.3383,-118.5721,106408175,6.25,11,7,27,10
Drone Militia,Lidija / Pollen Grain Boulder > Pollen Grains / Lidija Boulders > Buttermilk Country > Bishop Area > Sierra Eastside > California,https://www.mountainproject.com/route/106656303/drone-militia,3.8,-1,Boulder,V6,1,30,37.3377,-118.5701,106656303,6,26,13,54,23
Problem C,Birthday Boulders > Buttermilks Main > Buttermilk Country > Bishop Area > Sierra Eastside > California,https://www.mountainproject.com/route/110416001/problem-c,2,-1,Boulder,V6,1,12,37.33004,-118.57901,110416001,6,1,1,1,0
problem D,Birthday Boulders > Buttermilks Main > Buttermilk Country > Bishop Area > Sierra Eastside > California,https://www.mountainproject.com/route/110416010/problem-d,2,-1,Boulder,V6,1,,37.33004,-118.57901,110416010,6,1,1,0,0
Bard Route,Birthday Boulders > Buttermilks Main > Buttermilk Country > Bishop Area > Sierra Eastside > California,https://www.mountainproject.com/route/116066884/bard-route,3,-1,Boulder,V6,1,12,37.33004,-118.57901,116066884,6,1,1,2,1
Change of Heart,Drifter/Smoking Boulder > Buttermilks Main > Buttermilk Country > Bishop Area > Sierra Eastside > California,https://www.mountainproject.com/route/106352593/change-of-heart,3.6,-1,Boulder,V6,1,35,37.32888,-118.57484,106352593,6,39,20,100,37
Pope's Prow,Mandala/Pope's Prow Boulder > Buttermilks Main > Buttermilk Country > Bishop Area > Sierra Eastside > California,https://www.mountainproject.com/route/105908245/popes-prow,3.9,-1,Boulder,V6,1,15,37.32909,-118.57492,105908245,6,42,14,167,62
Cave Route,Cave Boulder > Cave Area > Buttermilks Main > Buttermilk Country > Bishop Area > Sierra Eastside > California,https://www.mountainproject.com/route/105936116/cave-route,2.8,-1,Boulder,V6,1,,37.32863,-118.57634,105936116,6,82,33,93,124
Green Wall Center,Green Wall Boulder > Buttermilks Main > Buttermilk Country > Bishop Area > Sierra Eastside > California,https://www.mountainproject.com/route/106375359/green-wall-center,3.4,-1,Boulder,V6,1,18,37.32873,-118.57534,106375359,6,100,40,211,179
Iron Cross / Iron Circle,Iron Man Boulder > Iron Man Area > Buttermilks Main > Buttermilk Country > Bishop Area > Sierra Eastside > California,https://www.mountainproject.com/route/111809663/iron-cross-iron-circle,2.5,-1,Boulder,V6,1,,37.33001,-118.57811,111809663,6,2,2,9,2
"Rib, No Rib SDS",Hero  Roof Boulder > Iron Man Area > Buttermilks Main > Buttermilk Country > Bishop Area > Sierra Eastside > California,https://www.mountainproject.com/route/114039712/rib-no-rib-sds,2.5,-1,Boulder,V6,1,12,37.33,-118.5782,114039712,6,2,2,0,2
Saigon,Saigon Boulder > Buttermilks Main > Buttermilk Country > Bishop Area > Sierra Eastside > California,https://www.mountainproject.com/route/106022301/saigon,3.9,-1,Boulder,V6,1,22,37.32944,-118.57548,106022301,6,82,41,294,102
Flyboy,Stained Glass/Flyboy Area > Buttermilks Main > Buttermilk Country > Bishop Area > Sierra Eastside > California,https://www.mountainproject.com/route/106050280/flyboy,3.1,-1,Boulder,V6,1,18,37.33057,-118.57834,106050280,6,20,11,128,22
Almost,Stained Glass/Flyboy Area > Buttermilks Main > Buttermilk Country > Bishop Area > Sierra Eastside > California,https://www.mountainproject.com/route/114170601/almost,2,-1,Boulder,V6 PG13,1,12,37.33057,-118.57834,114170601,6,3,3,1,1
Milk the Milks,Tut Boulder > Buttermilks Main > Buttermilk Country > Bishop Area > Sierra Eastside > California,https://www.mountainproject.com/route/106322554/milk-the-milks,2.8,-1,Boulder,V6,1,15,37.329,-118.5773,106322554,6,67,29,56,101
Matt's Project,Buttermilk Stem Boulder > Buttermilk Stem Area > Buttermilks Main > Buttermilk Country > Bishop Area > Sierra Eastside > California,https://www.mountainproject.com/route/111513555/matts-project,2.5,-1,Boulder,V6,1,,37.32906,-118.5768,111513555,6,2,1,6,2
Unnamed Sloper to Lip,Corner Boulders > Buttermilks Main > Buttermilk Country > Bishop Area > Sierra Eastside > California,https://www.mountainproject.com/route/106352801/unnamed-sloper-to-lip,2.8,-1,Boulder,V6,1,15,37.32909,-118.57791,106352801,6,5,2,2,4
Popes Roof,Pope's Hat > Buttermilks Main > Buttermilk Country > Bishop Area > Sierra Eastside > California,https://www.mountainproject.com/route/107043969/popes-roof,3.1,-1,"Trad, Boulder",V6,1,,37.33013,-118.5785,107043969,6,11,7,16,9
Smooth Shrimp,Buttocks/Smooth Shrimp Boulder > Buttermilks Main > Buttermilk Country > Bishop Area > Sierra Eastside > California,https://www.mountainproject.com/route/108002630/smooth-shrimp,2.8,-1,Boulder,V6,1,,37.32923,-118.57528,108002630,6,64,33,84,134
Cosmonaut,Lower Smoking Boulder > Buttermilks Main > Buttermilk Country > Bishop Area > Sierra Eastside > California,https://www.mountainproject.com/route/107347397/cosmonaut,2.3,-1,Boulder,V6,1,20,37.32881,-118.57469,107347397,6,4,2,4,3
Backside Mantel,Sharma Traverse Boulder > Buttermilks Main > Buttermilk Country > Bishop Area > Sierra Eastside > California,https://www.mountainproject.com/route/110067698/backside-mantel,0,-1,Boulder,V6,1,13,37.32954,-118.57498,110067698,6,0,1,1,0
Girls of Whiskey Creek,Girls of Whiskey Creek Boulder > Hueco Wall Area > Dale's Camp > Buttermilk Country > Bishop Area > Sierra Eastside > California,https://www.mountainproject.com/route/111513681/girls-of-whiskey-creek,2.5,-1,Boulder,V6,1,,37.31879,-118.5756,111513681,6,2,2,2,3
Approaching Silence,Hall of Mirrors > Buttermilk Country > Bishop Area > Sierra Eastside > California,https://www.mountainproject.com/route/107481967/approaching-silence,4,-1,Boulder,V6,1,14,37.31237,-118.57958,107481967,6,3,3,25,0
Sylvia Plath,Hall of Mirrors > Buttermilk Country > Bishop Area > Sierra Eastside > California,https://www.mountainproject.com/route/107481986/sylvia-plath,3,-1,Boulder,V6,1,,37.31237,-118.57958,107481986,6,1,1,5,0
Evil Empire,Solitaire Boulder > Buttermilk Country > Bishop Area > Sierra Eastside > California,https://www.mountainproject.com/route/111712021/evil-empire,2,-1,Boulder,V6,1,15,37.32013,-118.57949,111712021,6,1,1,2,0
Painted Cave,Painted Cave Boulder > Painted Cave Area > Buttermilk Country > Bishop Area > Sierra Eastside > California,https://www.mountainproject.com/route/111712395/painted-cave,3.8,-1,Boulder,V6,1,15,37.32317,-118.57981,111712395,6,8,2,37,5
Slashface of the Buttermilks,Painted Cave Boulder > Painted Cave Area > Buttermilk Country > Bishop Area > Sierra Eastside > California,https://www.mountainproject.com/route/111715290/slashface-of-the-buttermilks,2.8,-1,Boulder,V6,1,15,37.32317,-118.57981,111715290,6,5,3,3,4
Unnamed,Xen Boulder > Painted Cave Area > Buttermilk Country > Bishop Area > Sierra Eastside > California,https://www.mountainproject.com/route/111728233/unnamed,1,-1,Boulder,V6,1,15,37.32287,-118.5802,111728233,6,1,1,0,0
Snake Oil,Lidija / Pollen Grain Boulder > Pollen Grains / Lidija Boulders > Buttermilk Country > Bishop Area > Sierra Eastside > California,https://www.mountainproject.com/route/114032729/snake-oil,2.4,-1,Boulder,V6-7,1,24,37.3377,-118.5701,114032729,6.5,5,1,1,3
Dishy Grit,Hero  Roof Boulder > Iron Man Area > Buttermilks Main > Buttermilk Country > Bishop Area > Sierra Eastside > California,https://www.mountainproject.com/route/114039836/dishy-grit,2.3,-1,Boulder,V6-7,1,16,37.33,-118.5782,114039836,6.5,3,2,0,2
Swiss Legends,Swiss Roof Boulder > Hueco Wall Area > Dale's Camp > Buttermilk Country > Bishop Area > Sierra Eastside > California,https://www.mountainproject.com/route/111728336/swiss-legends,3,-1,Boulder,V6-7 PG13,1,10,37.3184,-118.57521,111728336,6.5,1,1,0,0
Walk Like an Egyptian,Tut Boulder > Buttermilks Main > Buttermilk Country > Bishop Area > Sierra Eastside > California,https://www.mountainproject.com/route/114066938/walk-like-an-egyptian,2,-1,Boulder,V7-,1,14,37.329,-118.5773,114066938,6.75,3,3,2,2
Get Carter,Get Carter Boulder > Buttermilk Country > Bishop Area > Sierra Eastside > California,https://www.mountainproject.com/route/106070980/get-carter,3.1,-1,Boulder,V7,1,15,37.3388,-118.5776,106070980,7,19,9,38,17
Unnamed,Get Carter Boulder > Buttermilk Country > Bishop Area > Sierra Eastside > California,https://www.mountainproject.com/route/106132731/unnamed,3.8,-1,Boulder,V7,1,,37.3388,-118.5776,106132731,7,4,2,5,1
Colin Goes Mental,Edge of Reason Boulder > Checkerboard Area > Buttermilk Country > Bishop Area > Sierra Eastside > California,https://www.mountainproject.com/route/111735874/colin-goes-mental,2.5,-1,Boulder,V7,1,20,37.32508,-118.58025,111735874,7,2,1,1,1
Mesothelioma,Beekeeper Boulder > Pollen Grains / Lidija Boulders > Buttermilk Country > Bishop Area > Sierra Eastside > California,https://www.mountainproject.com/route/106628879/mesothelioma,3.7,-1,Boulder,V7 R,1,25,37.3383,-118.5721,106628879,7.25,3,2,11,2
Lidija's Mouth Direct,Lidija / Pollen Grain Boulder > Pollen Grains / Lidija Boulders > Buttermilk Country > Bishop Area > Sierra Eastside > California,https://www.mountainproject.com/route/109979403/lidijas-mouth-direct,2,-1,Boulder,V7,1,14,37.3377,-118.5701,109979403,7,2,1,3,2
Cindy Swank,Honey Boulder > Pollen Grains / Lidija Boulders > Buttermilk Country > Bishop Area > Sierra Eastside > California,https://www.mountainproject.com/route/108700731/cindy-swank,3,-1,Boulder,V7,1,,37.337,-118.5702,108700731,7,30,18,40,45
The Ninth,The Ninth Boulder > Pollen Grains / Lidija Boulders > Buttermilk Country > Bishop Area > Sierra Eastside > California,https://www.mountainproject.com/route/109995560/the-ninth,4,-1,Boulder,V7 PG13,1,20,37.3382,-118.571,109995560,7,1,1,15,1
Go Granny Ho,Grandma Peabody Boulder > Peabody Boulders > Buttermilks Main > Buttermilk Country > Bishop Area > Sierra Eastside > California,https://www.mountainproject.com/route/107551458/go-granny-ho,2.6,-1,Boulder,V7,1,10,37.32837,-118.57479,107551458,7,32,10,26,40
High Plains Drifter,Drifter/Smoking Boulder > Buttermilks Main > Buttermilk Country > Bishop Area > Sierra Eastside > California,https://www.mountainproject.com/route/105908128/high-plains-drifter,3.9,-1,Boulder,V7,1,35,37.32888,-118.57484,105908128,7,179,79,408,232
Pain Grain SDS,Cave Boulder > Cave Area > Buttermilks Main > Buttermilk Country > Bishop Area > Sierra Eastside > California,https://www.mountainproject.com/route/107051296/pain-grain-sds,3.3,-1,Boulder,V7,1,15,37.32863,-118.57634,107051296,7,30,8,60,56
Iron Monkey,Iron Man Boulder > Iron Man Area > Buttermilks Main > Buttermilk Country > Bishop Area > Sierra Eastside > California,https://www.mountainproject.com/route/107370896/iron-monkey,2.5,-1,Boulder,V7,1,20,37.33001,-118.57811,107370896,7,4,1,8,4
Magnetic Attractions,Iron Man Boulder > Iron Man Area > Buttermilks Main > Buttermilk Country > Bishop Area > Sierra Eastside > California,https://www.mountainproject.com/route/114039685/magnetic-attractions,1,-1,Boulder,V7,1,8,37.33001,-118.57811,114039685,7,2,2,1,1
Just Grit,Hero  Roof Boulder > Iron Man Area > Buttermilks Main > Buttermilk Country > Bishop Area > Sierra Eastside > California,https://www.mountainproject.com/route/114039791/just-grit,2,-1,Boulder,V7,1,12,37.33,-118.5782,114039791,7,2,1,1,1
Yayoi Right,Fit Homeless Boulder > Buttermilks Main > Buttermilk Country > Bishop Area > Sierra Eastside > California,https://www.mountainproject.com/route/106130751/yayoi-right,3.1,-1,Boulder,V7,1,17,37.32895,-118.57595,106130751,7,13,6,11,13
Cheezy Brit Sit Start,Buttermilk Stem Boulder > Buttermilk Stem Area > Buttermilks Main > Buttermilk Country > Bishop Area > Sierra Eastside > California,https://www.mountainproject.com/route/114025098/cheezy-brit-sit-start,3,-1,Boulder,V7,1,17,37.32906,-118.5768,114025098,7,1,1,3,1
Ken's Problem,Corner Boulders > Buttermilks Main > Buttermilk Country > Bishop Area > Sierra Eastside > California,https://www.mountainproject.com/route/114066844/kens-problem,2,-1,Boulder,V7,1,18,37.32909,-118.57791,114066844,7,1,1,0,0
Unnamed v7,Lower Smoking Boulder > Buttermilks Main > Buttermilk Country > Bishop Area > Sierra Eastside > California,https://www.mountainproject.com/route/107585946/unnamed-v7,2.2,-1,Boulder,V7,1,10,37.32881,-118.57469,107585946,7,16,11,1,19
Pinch Arete,Pinch Boulder > Buttermilks Main > Buttermilk Country > Bishop Area > Sierra Eastside > California,https://www.mountainproject.com/route/113908015/pinch-arete,4,-1,Boulder,V7,1,10,37.32882,-118.57428,113908015,7,1,1,8,1
The Flake,Zen Flute Boulder > Dale's West > Dale's Camp > Buttermilk Country > Bishop Area > Sierra Eastside > California,https://www.mountainproject.com/route/108604974/the-flake,2.8,-1,Boulder,V7,1,12,37.3192,-118.5783,108604974,7,9,3,7,12
Evening Snow,Charlie Brown Boulders > Painted Cave Area > Buttermilk Country > Bishop Area > Sierra Eastside > California,https://www.mountainproject.com/route/111712347/evening-snow,2,-1,Boulder,V7,1,15,37.32283,-118.57926,111712347,7,1,1,1,0
Undercling Problem,Painted Cave Boulder > Painted Cave Area > Buttermilk Country > Bishop Area > Sierra Eastside > California,https://www.mountainproject.com/route/111715315/undercling-problem,2,-1,Boulder,V7,1,15,37.32317,-118.57981,111715315,7,1,1,0,0
Rex Kwon Do stand,Rex Kwon Do Boulder > Bardini Boulders > Buttermilk Country > Bishop Area > Sierra Eastside > California,https://www.mountainproject.com/route/114054377/rex-kwon-do-stand,3.5,-1,Boulder,V7,1,,37.31789,-118.58488,114054377,7,2,2,10,1
Junior's Achievement,Rowell Rock > Buttermilk Stem Area > Buttermilks Main > Buttermilk Country > Bishop Area > Sierra Eastside > California,https://www.mountainproject.com/route/107919156/juniors-achievement,3.1,-1,Boulder,V7+,1,18,37.32878,-118.57687,107919156,7.25,28,17,61,29
Checkerboard,The Checkerboard Boulder > Checkerboard Area > Buttermilk Country > Bishop Area > Sierra Eastside > California,https://www.mountainproject.com/route/106129151/checkerboard,4,-1,Boulder,V7-8,1,20,37.32544,-118.58067,106129151,7.5,47,26,165,54
Change of Knobs,Drifter/Smoking Boulder > Buttermilks Main > Buttermilk Country > Bishop Area > Sierra Eastside > California,https://www.mountainproject.com/route/114066872/change-of-knobs,2.3,-1,Boulder,V7-8,1,25,37.32888,-118.57484,114066872,7.5,3,2,3,2
Gleaming the Cube,Cave Boulder > Cave Area > Buttermilks Main > Buttermilk Country > Bishop Area > Sierra Eastside > California,https://www.mountainproject.com/route/106129141/gleaming-the-cube,2.2,-1,Boulder,V8-,1,,37.32863,-118.57634,106129141,7.75,25,13,14,32
Soul Slinger Right,Soul Slinger Boulder > Cave Area > Buttermilks Main > Buttermilk Country > Bishop Area > Sierra Eastside > California,https://www.mountainproject.com/route/107032733/soul-slinger-right,2.8,-1,Boulder,V8-,1,15,37.32868,-118.57635,107032733,7.75,19,8,9,20
Flyboy SDS,Stained Glass/Flyboy Area > Buttermilks Main > Buttermilk Country > Bishop Area > Sierra Eastside > California,https://www.mountainproject.com/route/106070940/flyboy-sds,3.8,-1,Boulder,V8-,1,,37.33057,-118.57834,106070940,7.75,57,34,139,59
Xavier's Roof,Xav's Roof Boulder > Hueco Wall Area > Dale's Camp > Buttermilk Country > Bishop Area > Sierra Eastside > California,https://www.mountainproject.com/route/108604948/xaviers-roof,3.9,-1,Boulder,V8-,1,25,37.31814,-118.57567,108604948,7.75,7,3,44,7
Checkerboard Direct,The Checkerboard Boulder > Checkerboard Area > Buttermilk Country > Bishop Area > Sierra Eastside > California,https://www.mountainproject.com/route/111730089/checkerboard-direct,1,-1,Boulder,V8 R,1,21,37.32544,-118.58067,111730089,8.25,1,1,2,0
Freeze All Cylinders,Edge of Reason Boulder > Checkerboard Area > Buttermilk Country > Bishop Area > Sierra Eastside > California,https://www.mountainproject.com/route/111726462/freeze-all-cylinders,2.8,-1,Boulder,V8,1,20,37.32508,-118.58025,111726462,8,4,3,3,5
Magnetic North,Grandma Peabody Boulder > Peabody Boulders > Buttermilks Main > Buttermilk Country > Bishop Area > Sierra Eastside > California,https://www.mountainproject.com/route/108019305/magnetic-north,4,-1,Boulder,V8,1,35,37.32837,-118.57479,108019305,8,6,3,54,8
Devoted,Mandala/Pope's Prow Boulder > Buttermilks Main > Buttermilk Country > Bishop Area > Sierra Eastside > California,https://www.mountainproject.com/route/112541564/devoted,2,-1,Boulder,V8,1,,37.32909,-118.57492,112541564,8,2,1,4,3
Ten Pin Trial,Bowling Pin Boulder > Buttermilks Main > Buttermilk Country > Bishop Area > Sierra Eastside > California,https://www.mountainproject.com/route/111784838/ten-pin-trial,2.9,-1,Boulder,V8,1,20,37.32959,-118.5772,111784838,8,7,3,17,8
Iron Fly,Iron Man Boulder > Iron Man Area > Buttermilks Main > Buttermilk Country > Bishop Area > Sierra Eastside > California,https://www.mountainproject.com/route/106384926/iron-fly,2.6,-1,Boulder,V8,1,10,37.33001,-118.57811,106384926,8,17,8,15,20
Hard Grit,Hero  Roof Boulder > Iron Man Area > Buttermilks Main > Buttermilk Country > Bishop Area > Sierra Eastside > California,https://www.mountainproject.com/route/106127038/hard-grit,2.5,-1,Boulder,V8,1,,37.33,-118.5782,106127038,8,4,1,6,2
Just Dishy,Hero  Roof Boulder > Iron Man Area > Buttermilks Main > Buttermilk Country > Bishop Area > Sierra Eastside > California,https://www.mountainproject.com/route/114039853/just-dishy,2,-1,Boulder,V8,1,16,37.33,-118.5782,114039853,8,2,1,0,1
Saigon Direct,Saigon Boulder > Buttermilks Main > Buttermilk Country > Bishop Area > Sierra Eastside > California,https://www.mountainproject.com/route/107954191/saigon-direct,3.4,-1,Boulder,V8,1,25,37.32944,-118.57548,107954191,8,11,4,34,15
Lululator Low Start,Tut Boulder > Buttermilks Main > Buttermilk Country > Bishop Area > Sierra Eastside > California,https://www.mountainproject.com/route/111809642/lululator-low-start,2.6,-1,Boulder,V8,1,,37.329,-118.5773,111809642,8,7,6,4,5
Tenterhooks,Fit Homeless Boulder > Buttermilks Main > Buttermilk Country > Bishop Area > Sierra Eastside > California,https://www.mountainproject.com/route/106070964/tenterhooks,2,-1,Boulder,V8,1,10,37.32895,-118.57595,106070964,8,2,1,0,1
Yayoi,Fit Homeless Boulder > Buttermilks Main > Buttermilk Country > Bishop Area > Sierra Eastside > California,https://www.mountainproject.com/route/106130747/yayoi,2,-1,Boulder,V8,1,15,37.32895,-118.57595,106130747,8,1,1,3,0
Brian's Project,Buttermilk Stem Boulder > Buttermilk Stem Area > Buttermilks Main > Buttermilk Country > Bishop Area > Sierra Eastside > California,https://www.mountainproject.com/route/107051281/brians-project,2.9,-1,Boulder,V8,1,18,37.32906,-118.5768,107051281,8,18,9,25,23
Brian's Direct,Buttermilk Stem Boulder > Buttermilk Stem Area > Buttermilks Main > Buttermilk Country > Bishop Area > Sierra Eastside > California,https://www.mountainproject.com/route/114032557/brians-direct,2.3,-1,Boulder,V8,1,17,37.32906,-118.5768,114032557,8,4,2,0,4
Upside,Upside Boulder > Buttermilks Main > Buttermilk Country > Bishop Area > Sierra Eastside > California,https://www.mountainproject.com/route/109826087/upside,4,-1,Boulder,V8,1,15,37.3276,-118.5757,109826087,8,1,1,28,2
Sharma Scoop,Bachar Boulder > Buttermilks Main > Buttermilk Country > Bishop Area > Sierra Eastside > California,https://www.mountainproject.com/route/106965090/sharma-scoop,2.4,-1,Boulder,V8,1,12,37.32889,-118.57441,106965090,8,5,3,7,5
Cocktail Sauce,Buttocks/Smooth Shrimp Boulder > Buttermilks Main > Buttermilk Country > Bishop Area > Sierra Eastside > California,https://www.mountainproject.com/route/108527916/cocktail-sauce,2.1,-1,Boulder,V8,1,10,37.32923,-118.57528,108527916,8,33,23,21,64
Croft Problem,Lower Smoking Boulder > Buttermilks Main > Buttermilk Country > Bishop Area > Sierra Eastside > California,https://www.mountainproject.com/route/107484827/croft-problem,2.6,-1,Boulder,V8,1,10,37.32881,-118.57469,107484827,8,17,7,15,21
Gastonia,Hueco Wall Boulder > Hueco Wall Area > Dale's Camp > Buttermilk Country > Bishop Area > Sierra Eastside > California,https://www.mountainproject.com/route/111513701/gastonia,3,-1,Boulder,V8,1,,37.31839,-118.57563,111513701,8,3,2,5,3
Flight of the Bumblebee,Brown Wall Boulder > Beehive Area > Buttermilk Country > Bishop Area > Sierra Eastside > California,https://www.mountainproject.com/route/111728148/flight-of-the-bumblebee,3,-1,Boulder,V8 R,1,35,37.33726,-118.57588,111728148,8.25,1,1,8,0
Northwest Arete,Luminance Block > Beehive Area > Buttermilk Country > Bishop Area > Sierra Eastside > California,https://www.mountainproject.com/route/114260782/northwest-arete,3,-1,Boulder,V8 R,1,23,37.33559,-118.57679,114260782,8.25,1,1,0,0
Solitaire,Solitaire Boulder > Buttermilk Country > Bishop Area > Sierra Eastside > California,https://www.mountainproject.com/route/108447780/solitaire,3.7,-1,Boulder,V8,1,15,37.32013,-118.57949,108447780,8,22,8,58,19
3D,Cave Boulder > Cave Area > Buttermilks Main > Buttermilk Country > Bishop Area > Sierra Eastside > California,https://www.mountainproject.com/route/114025005/3d,2.4,-1,Boulder,V8+,1,15,37.32863,-118.57634,114025005,8.25,5,5,6,4
Moonraker,Cave Boulder > Cave Area > Buttermilks Main > Buttermilk Country > Bishop Area > Sierra Eastside > California,https://www.mountainproject.com/route/108453174/moonraker,2.7,-1,Boulder,V8-9,1,12,37.32863,-118.57634,108453174,8.5,16,9,32,28
General Mills,Cave Boulder > Cave Area > Buttermilks Main > Buttermilk Country > Bishop Area > Sierra Eastside > California,https://www.mountainproject.com/route/114025059/general-mills,2.3,-1,Boulder,V8-9,1,18,37.32863,-118.57634,114025059,8.5,7,6,1,7
Baby Steps to Greatness,The Sexy Bloc > Buttermilk Country > Bishop Area > Sierra Eastside > California,https://www.mountainproject.com/route/115394177/baby-steps-to-greatness,3,-1,Boulder,V8-9,1,25,37.33501,-118.55503,115394177,8.5,2,2,2,2
Michael Caine,Get Carter Boulder > Buttermilk Country > Bishop Area > Sierra Eastside > California,https://www.mountainproject.com/route/106070972/michael-caine,2.9,-1,Boulder,V9-,1,15,37.3388,-118.5776,106070972,8.75,9,4,12,8
Twin Cracks,Get Carter Boulder > Buttermilk Country > Bishop Area > Sierra Eastside > California,https://www.mountainproject.com/route/109646283/twin-cracks,3.1,-1,Boulder,V9,1,,37.3388,-118.5776,109646283,9,7,3,12,10
Checkerboard Right,The Checkerboard Boulder > Checkerboard Area > Buttermilk Country > Bishop Area > Sierra Eastside > California,https://www.mountainproject.com/route/111726453/checkerboard-right,2,-1,Boulder,V9,1,20,37.32544,-118.58067,111726453,9,1,1,4,1
Swanky Sit,Honey Boulder > Pollen Grains / Lidija Boulders > Buttermilk Country > Bishop Area > Sierra Eastside > California,https://www.mountainproject.com/route/108700751/swanky-sit,3.2,-1,Boulder,V9,1,,37.337,-118.5702,108700751,9,5,2,12,4
Finders Fee,Honey Boulder > Pollen Grains / Lidija Boulders > Buttermilk Country > Bishop Area > Sierra Eastside > California,https://www.mountainproject.com/route/108700842/finders-fee,3.7,-1,Boulder,V9,1,,37.337,-118.5702,108700842,9,10,3,30,13
Footprints,Grandpa Peabody Boulder > Peabody Boulders > Buttermilks Main > Buttermilk Country > Bishop Area > Sierra Eastside > California,https://www.mountainproject.com/route/109743926/footprints,3.5,-1,Boulder,V9 X,1,50,37.32817,-118.57477,109743926,9.25,2,2,17,2
Soul Slinger,Soul Slinger Boulder > Cave Area > Buttermilks Main > Buttermilk Country > Bishop Area > Sierra Eastside > California,https://www.mountainproject.com/route/105908345/soul-slinger,3.7,-1,Boulder,V9,1,14,37.32868,-118.57635,105908345,9,82,25,182,110
The Fall Guy,Stained Glass/Flyboy Area > Buttermilks Main > Buttermilk Country > Bishop Area > Sierra Eastside > California,https://www.mountainproject.com/route/106070948/the-fall-guy,4,-1,Boulder,V9 PG13,1,20,37.33057,-118.57834,106070948,9,7,4,30,8
America's Fit Homeless,Fit Homeless Boulder > Buttermilks Main > Buttermilk Country > Bishop Area > Sierra Eastside > California,https://www.mountainproject.com/route/106070960/americas-fit-homeless,2,-1,Boulder,V9,1,9,37.32895,-118.57595,106070960,9,1,1,2,0
Matt's Project Sit,Buttermilk Stem Boulder > Buttermilk Stem Area > Buttermilks Main > Buttermilk Country > Bishop Area > Sierra Eastside > California,https://www.mountainproject.com/route/111513568/matts-project-sit,3,-1,Boulder,V9,1,,37.32906,-118.5768,111513568,9,2,1,4,2
Mooned,Rowell Rock > Buttermilk Stem Area > Buttermilks Main > Buttermilk Country > Bishop Area > Sierra Eastside > California,https://www.mountainproject.com/route/107954206/mooned,2,-1,Boulder,V9,1,20,37.32878,-118.57687,107954206,9,1,1,3,1
Grit Dreams,Corner Boulders > Buttermilks Main > Buttermilk Country > Bishop Area > Sierra Eastside > California,https://www.mountainproject.com/route/112790712/grit-dreams,2,-1,Boulder,V9,1,18,37.32909,-118.57791,112790712,9,1,1,1,1
Queen Sweet Nectar,Queen Sweet Nectar Boulder > Secrets of the Beehive Area > Beehive Area > Buttermilk Country > Bishop Area > Sierra Eastside > California,https://www.mountainproject.com/route/110129127/queen-sweet-nectar,2.7,-1,Boulder,V9,1,,37.33684,-118.57604,110129127,9,6,4,3,6
Luminance,Luminance Block > Beehive Area > Buttermilk Country > Bishop Area > Sierra Eastside > California,https://www.mountainproject.com/route/111711207/luminance,4,-1,"TR, Boulder",V9 R,1,20,37.33559,-118.57679,111711207,9.25,4,3,24,2
Rise,Luminance Block > Beehive Area > Buttermilk Country > Bishop Area > Sierra Eastside > California,https://www.mountainproject.com/route/114260568/rise,2,-1,Boulder,V9 X,1,40,37.33559,-118.57679,114260568,9.25,1,1,1,0
Judge Not,Solitaire Boulder > Buttermilk Country > Bishop Area > Sierra Eastside > California,https://www.mountainproject.com/route/111686462/judge-not,3.4,-1,Boulder,V9 PG13,1,,37.32013,-118.57949,111686462,9,5,3,14,3
This Side of Paradise,Bardini Boulder > Bardini Boulders > Buttermilk Country > Bishop Area > Sierra Eastside > California,https://www.mountainproject.com/route/114104162/this-side-of-paradise,4,-1,Boulder,V9,1,33,37.31797,-118.58542,114104162,9,1,1,8,0
One Mule Wonder,Cave Boulder > Cave Area > Buttermilks Main > Buttermilk Country > Bishop Area > Sierra Eastside > California,https://www.mountainproject.com/route/107342463/one-mule-wonder,1.3,-1,Boulder,V9-10,1,,37.32863,-118.57634,107342463,9.5,7,5,7,7
Hueco Wall,Hueco Wall Boulder > Hueco Wall Area > Dale's Camp > Buttermilk Country > Bishop Area > Sierra Eastside > California,https://www.mountainproject.com/route/111728292/hueco-wall,3,-1,Boulder,V9-10 PG13,1,19,37.31839,-118.57563,111728292,9.5,2,2,2,1
King Me,The Checkerboard Boulder > Checkerboard Area > Buttermilk Country > Bishop Area > Sierra Eastside > California,https://www.mountainproject.com/route/111726445/king-me,3,-1,Boulder,V10,1,18,37.32544,-118.58067,111726445,10,1,1,3,0
Golden Shower,Beekeeper Boulder > Pollen Grains / Lidija Boulders > Buttermilk Country > Bishop Area > Sierra Eastside > California,https://www.mountainproject.com/route/106628870/golden-shower,4,-1,Boulder,V10 R,1,25,37.3383,-118.5721,106628870,10.25,1,1,11,0
Return Jedi,Jedi Boulder > Pollen Grains / Lidija Boulders > Buttermilk Country > Bishop Area > Sierra Eastside > California,https://www.mountainproject.com/route/112213028/return-jedi,3,-1,Boulder,V10 PG13,1,22,37.3366,-118.5703,112213028,10,2,1,11,2
Center Direct,Grandma Peabody Boulder > Peabody Boulders > Buttermilks Main > Buttermilk Country > Bishop Area > Sierra Eastside > California,https://www.mountainproject.com/route/106382046/center-direct,2.3,-1,Boulder,V10,1,12,37.32837,-118.57479,106382046,10,6,1,26,9
Evilution to the Lip,Grandpa Peabody Boulder > Peabody Boulders > Buttermilks Main > Buttermilk Country > Bishop Area > Sierra Eastside > California,https://www.mountainproject.com/route/114067388/evilution-to-the-lip,3.7,-1,Boulder,V10,1,18,37.32817,-118.57477,114067388,10,3,1,26,4
Crimps of Wrath,Cave Boulder > Cave Area > Buttermilks Main > Buttermilk Country > Bishop Area > Sierra Eastside > California,https://www.mountainproject.com/route/108461966/crimps-of-wrath,1,-1,Boulder,V10,1,,37.32863,-118.57634,108461966,10,1,1,1,0
Little Forgotten,Cave Boulder > Cave Area > Buttermilks Main > Buttermilk Country > Bishop Area > Sierra Eastside > California,https://www.mountainproject.com/route/114032671/little-forgotten,3.3,-1,Boulder,V10,1,26,37.32863,-118.57634,114032671,10,3,1,3,3
Stained Glass,Stained Glass/Flyboy Area > Buttermilks Main > Buttermilk Country > Bishop Area > Sierra Eastside > California,https://www.mountainproject.com/route/106050258/stained-glass,3.9,-1,Boulder,V10,1,,37.33057,-118.57834,106050258,10,24,6,123,13
Blood Spud,Stained Glass/Flyboy Area > Buttermilks Main > Buttermilk Country > Bishop Area > Sierra Eastside > California,https://www.mountainproject.com/route/106070957/blood-spud,2,-1,Boulder,V10,1,10,37.33057,-118.57834,106070957,10,1,1,2,0
Sidewinder,Rowell Rock > Buttermilk Stem Area > Buttermilks Main > Buttermilk Country > Bishop Area > Sierra Eastside > California,https://www.mountainproject.com/route/114066891/sidewinder,2.3,-1,Boulder,V10,1,25,37.32878,-118.57687,114066891,10,3,2,0,2
Popes hat,Pope's Hat > Buttermilks Main > Buttermilk Country > Bishop Area > Sierra Eastside > California,https://www.mountainproject.com/route/115670016/popes-hat,2,-1,Boulder,V10,1,,37.33013,-118.5785,115670016,10,2,1,1,1
Bubba Gump,Buttocks/Smooth Shrimp Boulder > Buttermilks Main > Buttermilk Country > Bishop Area > Sierra Eastside > California,https://www.mountainproject.com/route/107385718/bubba-gump,2.9,-1,Boulder,V10,1,10,37.32923,-118.57528,107385718,10,7,3,20,9
Sharma Traverse,Sharma Traverse Boulder > Buttermilks Main > Buttermilk Country > Bishop Area > Sierra Eastside > California,https://www.mountainproject.com/route/110067691/sharma-traverse,3.4,-1,Boulder,V10,1,20,37.32954,-118.57498,110067691,10,5,2,20,7
Zen Flute,Zen Flute Boulder > Dale's West > Dale's Camp > Buttermilk Country > Bishop Area > Sierra Eastside > California,https://www.mountainproject.com/route/106737771/zen-flute,3.6,-1,Boulder,V10,1,13,37.3192,-118.5783,106737771,10,12,7,40,12
Too Big To Flail,Luminance Block > Beehive Area > Buttermilk Country > Bishop Area > Sierra Eastside > California,https://www.mountainproject.com/route/111711154/too-big-to-flail,3,-1,"TR, Boulder",V10 X,1,55,37.33559,-118.57679,111711154,10.25,1,1,14,0
Rex Kwon Do,Rex Kwon Do Boulder > Bardini Boulders > Buttermilk Country > Bishop Area > Sierra Eastside > California,https://www.mountainproject.com/route/114104084/rex-kwon-do,4,-1,Boulder,V10,1,15,37.31789,-118.58488,114104084,10,2,2,4,1
Constellation,The Golden Boulder > Iron Man East Area > Buttermilks Main > Buttermilk Country > Bishop Area > Sierra Eastside > California,https://www.mountainproject.com/route/112384379/constellation,2,-1,Boulder,V10-11 PG13,1,25,37.32996,-118.57784,112384379,10.5,1,1,2,0
Thunderbird,Grandma Peabody Boulder > Peabody Boulders > Buttermilks Main > Buttermilk Country > Bishop Area > Sierra Eastside > California,https://www.mountainproject.com/route/114106239/thunderbird,2,-1,Boulder,V11,1,15,37.32837,-118.57479,114106239,11,1,1,3,0
Ambrosia,Grandpa Peabody Boulder > Peabody Boulders > Buttermilks Main > Buttermilk Country > Bishop Area > Sierra Eastside > California,https://www.mountainproject.com/route/110088205/ambrosia,4,-1,Boulder,V11 X,1,55,37.32817,-118.57477,110088205,11.25,1,1,20,2
La Belette,Grandpa Peabody Boulder > Peabody Boulders > Buttermilks Main > Buttermilk Country > Bishop Area > Sierra Eastside > California,https://www.mountainproject.com/route/114067527/la-belette,2,-1,Boulder,V11,1,12,37.32817,-118.57477,114067527,11,2,2,2,1
Les Trois Maunets,Drifter/Smoking Boulder > Buttermilks Main > Buttermilk Country > Bishop Area > Sierra Eastside > California,https://www.mountainproject.com/route/114145837/les-trois-maunets,2,-1,Boulder,V11,1,,37.32888,-118.57484,114145837,11,1,1,1,0
Butterfinger,Mandala/Pope's Prow Boulder > Buttermilks Main > Buttermilk Country > Bishop Area > Sierra Eastside > California,https://www.mountainproject.com/route/115681926/butterfinger,3,-1,Boulder,V11,1,30,37.32909,-118.57492,115681926,11,1,1,0,0
Sex Kitten,The Sexy Bloc > Buttermilk Country > Bishop Area > Sierra Eastside > California,https://www.mountainproject.com/route/115394196/sex-kitten,4,-1,Boulder,V11,1,25,37.33501,-118.55503,115394196,11,1,1,3,1
Haroun & the Sea of Stories,Stained Glass/Flyboy Area > Buttermilks Main > Buttermilk Country > Bishop Area > Sierra Eastside > California,https://www.mountainproject.com/route/106070952/haroun-the-sea-of-stories,4,-1,Boulder,V11-12,1,20,37.33057,-118.57834,106070952,11.5,4,2,21,2
The Mandala,Mandala/Pope's Prow Boulder > Buttermilks Main > Buttermilk Country > Bishop Area > Sierra Eastside > California,https://www.mountainproject.com/route/105908186/the-mandala,3.3,-1,Boulder,V12-,1,20,37.32909,-118.57492,105908186,11.75,4,2,37,4
A Scanner Darkly,Get Carter Boulder > Buttermilk Country > Bishop Area > Sierra Eastside > California,https://www.mountainproject.com/route/111684005/a-scanner-darkly,3.3,-1,Boulder,V12,1,,37.3388,-118.5776,111684005,12,3,1,6,1
Michael Caine Sit Start,Get Carter Boulder > Buttermilk Country > Bishop Area > Sierra Eastside > California,https://www.mountainproject.com/route/113891171/michael-caine-sit-start,2,-1,Boulder,V12,1,15,37.3388,-118.5776,113891171,12,1,1,0,1
Mystery,Grandma Peabody Boulder > Peabody Boulders > Buttermilks Main > Buttermilk Country > Bishop Area > Sierra Eastside > California,https://www.mountainproject.com/route/109563866/mystery,4,-1,Boulder,V12,1,30,37.32837,-118.57479,109563866,12,1,1,11,0
Baburre,Grandma Peabody Boulder > Peabody Boulders > Buttermilks Main > Buttermilk Country > Bishop Area > Sierra Eastside > California,https://www.mountainproject.com/route/114106367/baburre,2,-1,Boulder,V12,1,25,37.32837,-118.57479,114106367,12,1,1,1,0
Rastaman Vibration,Grandpa Peabody Boulder > Peabody Boulders > Buttermilks Main > Buttermilk Country > Bishop Area > Sierra Eastside > California,https://www.mountainproject.com/route/110088242/rastaman-vibration,2.5,-1,Boulder,V12,1,50,37.32817,-118.57477,110088242,12,2,1,3,0
Form Destroyer,Form Destroyer Roof Boulder > Beehive Area > Buttermilk Country > Bishop Area > Sierra Eastside > California,https://www.mountainproject.com/route/111711761/form-destroyer,3,-1,Boulder,V12,1,10,37.33673,-118.57572,111711761,12,1,1,7,0
A Maze of Death,Maze of Death Boulder > Bardini Boulders > Buttermilk Country > Bishop Area > Sierra Eastside > California,https://www.mountainproject.com/route/114104119/a-maze-of-death,4,-1,Boulder,V12,1,14,37.31926,-118.58564,114104119,12,2,1,13,1
Evilution,Grandpa Peabody Boulder > Peabody Boulders > Buttermilks Main > Buttermilk Country > Bishop Area > Sierra Eastside > California,https://www.mountainproject.com/route/105908296/evilution,4,-1,Boulder,V12-13 R,1,55,37.32817,-118.57477,105908296,12.5,5,1,40,4
Spectre,Spectre Boulder > Pollen Grains / Lidija Boulders > Buttermilk Country > Bishop Area > Sierra Eastside > California,https://www.mountainproject.com/route/106132438/spectre,4,-1,Boulder,V13,1,,37.3381,-118.5712,106132438,13,1,1,11,0
Direction,Grandma Peabody Boulder > Peabody Boulders > Buttermilks Main > Buttermilk Country > Bishop Area > Sierra Eastside > California,https://www.mountainproject.com/route/115681899/direction,3,-1,Boulder,V13 R,1,50,37.32837,-118.57479,115681899,13.25,1,1,2,0
Buttermilker,Cave Boulder > Cave Area > Buttermilks Main > Buttermilk Country > Bishop Area > Sierra Eastside > California,https://www.mountainproject.com/route/109630293/buttermilker,4,-1,Boulder,V13,1,20,37.32863,-118.57634,109630293,13,1,1,14,0
The Beautiful and Damned,Bardini Boulder > Bardini Boulders > Buttermilk Country > Bishop Area > Sierra Eastside > California,https://www.mountainproject.com/route/114104188/the-beautiful-and-damned,3,-1,Boulder,V13 PG13,1,35,37.31797,-118.58542,114104188,13,1,1,2,0
The Swarm Direct,Brown Wall Boulder > Beehive Area > Buttermilk Country > Bishop Area > Sierra Eastside > California,https://www.mountainproject.com/route/112499951/the-swarm-direct,3,-1,Boulder,V13-14 PG13,1,25,37.33726,-118.57588,112499951,13.5,1,1,3,0
The Swarm,Brown Wall Boulder > Beehive Area > Buttermilk Country > Bishop Area > Sierra Eastside > California,https://www.mountainproject.com/route/111726081/the-swarm,4,-1,Boulder,V14,1,20,37.33726,-118.57588,111726081,14,1,1,17,0
