,Route,Location,URL,Avg Stars,Your Stars,Route Type,Rating,Pitches,Length,Area Latitude,Area Longitude,StarRatings,SuggestedRatings,OnToDoLists,Ticks
0,The Way Down,Birthday Boulders > Buttermilks Main > Buttermilk Country > Bishop Area > Sierra Eastside > California,https://www.mountainproject.com/route/106277533/the-way-down,1.3,-1,Boulder,V-easy,1,10.0,37.330040000000004,-118.57901000000001,30,5,8,52
1,East Face,Sunshine Boulder > Buttermilks Main > Buttermilk Country > Bishop Area > Sierra Eastside > California,https://www.mountainproject.com/route/107253304/east-face,1.9,-1,Boulder,V-easy,1,,37.328590000000005,-118.57516000000001,14,4,8,30
2,Problem A,Roadside Boulder > Roadside Area > Buttermilks Main > Buttermilk Country > Bishop Area > Sierra Eastside > California,https://www.mountainproject.com/route/105936160/problem-a,1.7,-1,Boulder,V-easy,1,,37.3282,-118.5761,12,3,4,28
3,Choke the Chicken,Chicken Head Boulder > Zeppelin Area > Dale's Camp > Buttermilk Country > Bishop Area > Sierra Eastside > California,https://www.mountainproject.com/route/116715444/choke-the-chicken,2.0,-1,Boulder,V-easy,1,15.0,37.318259999999995,-118.5744,1,1,0,1
4,Unnamed VB,Fear Of A Black Planet Boulder > Small Fruit > Dale's Camp > Buttermilk Country > Bishop Area > Sierra Eastside > California,https://www.mountainproject.com/route/114241135/unnamed-vb,2.0,-1,Boulder,V-easy,1,,37.32093,-118.57408000000001,2,1,0,2
5,Fear of a Black Planet,Fear Of A Black Planet Boulder > Small Fruit > Dale's Camp > Buttermilk Country > Bishop Area > Sierra Eastside > California,https://www.mountainproject.com/route/114241141/fear-of-a-black-planet,2.5,-1,Boulder,V-easy,1,,37.32093,-118.57408000000001,2,1,1,2
6,Unnamed VB,Small Fruit Boulder > Small Fruit > Dale's Camp > Buttermilk Country > Bishop Area > Sierra Eastside > California,https://www.mountainproject.com/route/114241186/unnamed-vb,2.0,-1,Boulder,V-easy,1,,37.32093,-118.57406999999999,1,1,0,2
7,Knobs and Flake,Warmup Boulders > Bardini Boulders > Buttermilk Country > Bishop Area > Sierra Eastside > California,https://www.mountainproject.com/route/114054770/knobs-and-flake,1.0,-1,Boulder,V-easy,1,,37.318290000000005,-118.5863,1,1,0,0
8,Downclimb,Warmup Boulders > Bardini Boulders > Buttermilk Country > Bishop Area > Sierra Eastside > California,https://www.mountainproject.com/route/114054774/downclimb,1.0,-1,Boulder,V-easy,1,,37.318290000000005,-118.5863,1,1,0,0
9,Unnamed  1,Sunshine Boulder > Buttermilks Main > Buttermilk Country > Bishop Area > Sierra Eastside > California,https://www.mountainproject.com/route/107032776/unnamed-1,2.2,-1,Boulder,V0-,1,18.0,37.328590000000005,-118.57516000000001,41,6,11,87
10,Unnamed  2,Sunshine Boulder > Buttermilks Main > Buttermilk Country > Bishop Area > Sierra Eastside > California,https://www.mountainproject.com/route/107032780/unnamed-2,2.8,-1,Boulder,V0-,1,18.0,37.328590000000005,-118.57516000000001,84,20,49,168
11,Problem B,Green Wall Boulder > Buttermilks Main > Buttermilk Country > Bishop Area > Sierra Eastside > California,https://www.mountainproject.com/route/106322572/problem-b,1.8,-1,Boulder,V0-,1,12.0,37.32873,-118.57534,46,15,12,102
12,Hip Hop Hager,Hager Boulder > Iron Man East Area > Buttermilks Main > Buttermilk Country > Bishop Area > Sierra Eastside > California,https://www.mountainproject.com/route/107519098/hip-hop-hager,1.6,-1,Boulder,V0-,1,16.0,37.33014,-118.57777,5,1,2,4
13,Unknown V0/V1,The Loaf > Buttermilks Main > Buttermilk Country > Bishop Area > Sierra Eastside > California,https://www.mountainproject.com/route/106442771/unknown-v0v1,1.8,-1,Boulder,V0-,1,12.0,37.330220000000004,-118.57882,8,1,7,28
14,Problem A,Fit Homeless Boulder > Buttermilks Main > Buttermilk Country > Bishop Area > Sierra Eastside > California,https://www.mountainproject.com/route/106060959/problem-a,1.7,-1,Boulder,V0-,1,,37.32895,-118.57595,26,6,7,67
15,Problem C,Fit Homeless Boulder > Buttermilks Main > Buttermilk Country > Bishop Area > Sierra Eastside > California,https://www.mountainproject.com/route/106060972/problem-c,1.5,-1,Boulder,V0-,1,,37.32895,-118.57595,21,5,8,48
16,Xenolith Slab,Agent Orange Boulder > Zeppelin Area > Dale's Camp > Buttermilk Country > Bishop Area > Sierra Eastside > California,https://www.mountainproject.com/route/116715297/xenolith-slab,2.0,-1,Boulder,V0-,1,10.0,37.31821,-118.57395,1,1,0,1
17,Knob Slab,Warmup Boulders > Bardini Boulders > Buttermilk Country > Bishop Area > Sierra Eastside > California,https://www.mountainproject.com/route/114054760/knob-slab,2.0,-1,Boulder,V0-,1,,37.318290000000005,-118.5863,1,1,1,0
18,Backside Crack,Get Carter Boulder > Buttermilk Country > Bishop Area > Sierra Eastside > California,https://www.mountainproject.com/route/108010816/backside-crack,2.3,-1,Boulder,V0,1,20.0,37.3388,-118.5776,31,6,5,35
19,Burned and Bare,Get Carter Boulder > Buttermilk Country > Bishop Area > Sierra Eastside > California,https://www.mountainproject.com/route/108880968/burned-and-bare,2.7,-1,Boulder,V0,1,15.0,37.3388,-118.5776,12,3,2,9
20,Original Line,Lidija / Pollen Grain Boulder > Pollen Grains / Lidija Boulders > Buttermilk Country > Bishop Area > Sierra Eastside > California,https://www.mountainproject.com/route/108054564/original-line,3.1,-1,Boulder,V0,1,35.0,37.3377,-118.5701,17,6,25,23
21,Vic's Demise,Mead Boulder > Pollen Grains / Lidija Boulders > Buttermilk Country > Bishop Area > Sierra Eastside > California,https://www.mountainproject.com/route/111450402/vics-demise,3.0,-1,Boulder,V0 X,1,35.0,37.3378,-118.572,3,2,6,2
22,Essential Peabody,Grandma Peabody Boulder > Peabody Boulders > Buttermilks Main > Buttermilk Country > Bishop Area > Sierra Eastside > California,https://www.mountainproject.com/route/106395083/essential-peabody,3.1,-1,Boulder,V0,1,40.0,37.32837,-118.57479,63,18,124,84
23,Advanced Rockcraft Arete,Grandpa Peabody Boulder > Peabody Boulders > Buttermilks Main > Buttermilk Country > Bishop Area > Sierra Eastside > California,https://www.mountainproject.com/route/109526745/advanced-rockcraft-arete,3.5,-1,Boulder,5.8+ V0 X,1,50.0,37.32817,-118.57477,16,6,44,11
24,Problem A,Birthday Boulders > Buttermilks Main > Buttermilk Country > Bishop Area > Sierra Eastside > California,https://www.mountainproject.com/route/106277503/problem-a,1.4,-1,Boulder,V0,1,12.0,37.330040000000004,-118.57901000000001,17,3,14,30
25,Birthday Mantel,Birthday Boulders > Buttermilks Main > Buttermilk Country > Bishop Area > Sierra Eastside > California,https://www.mountainproject.com/route/106277514/birthday-mantel,2.5,-1,Boulder,V0,1,12.0,37.330040000000004,-118.57901000000001,89,21,79,153
26,Problem B,Birthday Boulders > Buttermilks Main > Buttermilk Country > Bishop Area > Sierra Eastside > California,https://www.mountainproject.com/route/106277521/problem-b,2.1,-1,Boulder,V0,1,12.0,37.330040000000004,-118.57901000000001,24,6,16,38
27,Robinson's Rubber Tester,Robinson's Rubber Tester Boulder > Cave Area > Buttermilks Main > Buttermilk Country > Bishop Area > Sierra Eastside > California,https://www.mountainproject.com/route/105936126/robinsons-rubber-tester,3.3,-1,Boulder,V0,1,,37.32867,-118.57681000000001,136,40,178,197
28,Unnamed  3,Sunshine Boulder > Buttermilks Main > Buttermilk Country > Bishop Area > Sierra Eastside > California,https://www.mountainproject.com/route/107032785/unnamed-3,2.5,-1,Boulder,V0,1,18.0,37.328590000000005,-118.57516000000001,16,5,6,40
29,Problem A,Green Wall Boulder > Buttermilks Main > Buttermilk Country > Bishop Area > Sierra Eastside > California,https://www.mountainproject.com/route/106322566/problem-a,2.0,-1,Boulder,V0,1,15.0,37.32873,-118.57534,41,14,19,74
30,Hager Arete,Hager Boulder > Iron Man East Area > Buttermilks Main > Buttermilk Country > Bishop Area > Sierra Eastside > California,https://www.mountainproject.com/route/105936748/hager-arete,2.6,-1,Boulder,V0,1,15.0,37.33014,-118.57777,25,7,16,43
31,Unnamed Arete,Hager Boulder > Iron Man East Area > Buttermilks Main > Buttermilk Country > Bishop Area > Sierra Eastside > California,https://www.mountainproject.com/route/105936754/unnamed-arete,1.7,-1,Boulder,V0,1,20.0,37.33014,-118.57777,7,1,3,8
32,Unnmed,Hager Boulder > Iron Man East Area > Buttermilks Main > Buttermilk Country > Bishop Area > Sierra Eastside > California,https://www.mountainproject.com/route/111731481/unnmed,1.9,-1,Boulder,V0,1,15.0,37.33014,-118.57777,7,2,4,14
33,Hero Roof,Hero  Roof Boulder > Iron Man Area > Buttermilks Main > Buttermilk Country > Bishop Area > Sierra Eastside > California,https://www.mountainproject.com/route/106094805/hero-roof,3.4,-1,Boulder,V0,1,14.0,37.33,-118.5782,387,89,412,722
34,Problem D,Ranger Rock > Buttermilks Main > Buttermilk Country > Bishop Area > Sierra Eastside > California,https://www.mountainproject.com/route/105936776/problem-d,1.9,-1,Boulder,V0,1,,37.329640000000005,-118.57869,18,4,10,37
35,Problem G,Ranger Rock > Buttermilks Main > Buttermilk Country > Bishop Area > Sierra Eastside > California,https://www.mountainproject.com/route/105936802/problem-g,1.6,-1,Boulder,V0,1,,37.329640000000005,-118.57869,27,3,9,56
36,Problem H,Ranger Rock > Buttermilks Main > Buttermilk Country > Bishop Area > Sierra Eastside > California,https://www.mountainproject.com/route/106060929/problem-h,1.4,-1,Boulder,V0,1,,37.329640000000005,-118.57869,15,2,8,32
37,Tall Edgy,Saigon Boulder > Buttermilks Main > Buttermilk Country > Bishop Area > Sierra Eastside > California,https://www.mountainproject.com/route/115681932/tall-edgy,2.5,-1,Boulder,V0,1,24.0,37.329440000000005,-118.57548,2,1,1,4
38,Five and Dime Left,Stained Glass/Flyboy Area > Buttermilks Main > Buttermilk Country > Bishop Area > Sierra Eastside > California,https://www.mountainproject.com/route/107204109/five-and-dime-left,1.1,-1,Boulder,V0,1,,37.33057,-118.57834,7,2,4,22
39,Five and Dime Right,Stained Glass/Flyboy Area > Buttermilks Main > Buttermilk Country > Bishop Area > Sierra Eastside > California,https://www.mountainproject.com/route/107204124/five-and-dime-right,1.0,-1,Boulder,V0,1,,37.33057,-118.57834,3,1,5,14
40,Northwest Flake,Tut Boulder > Buttermilks Main > Buttermilk Country > Bishop Area > Sierra Eastside > California,https://www.mountainproject.com/route/106322549/northwest-flake,2.1,-1,Boulder,V0,1,12.0,37.329,-118.5773,41,12,13,66
41,Howard Carter,Tut Boulder > Buttermilks Main > Buttermilk Country > Bishop Area > Sierra Eastside > California,https://www.mountainproject.com/route/107983686/howard-carter,1.7,-1,Boulder,V0,1,,37.329,-118.5773,15,3,4,23
42,Egypt (crack),Tut Boulder > Buttermilks Main > Buttermilk Country > Bishop Area > Sierra Eastside > California,https://www.mountainproject.com/route/110802913/egypt-crack,1.4,-1,Boulder,V0,1,,37.329,-118.5773,8,2,6,20
43,Problem B,Fit Homeless Boulder > Buttermilks Main > Buttermilk Country > Bishop Area > Sierra Eastside > California,https://www.mountainproject.com/route/106060967/problem-b,1.5,-1,Boulder,V0,1,,37.32895,-118.57595,23,6,9,51
44,Problem D,Fit Homeless Boulder > Buttermilks Main > Buttermilk Country > Bishop Area > Sierra Eastside > California,https://www.mountainproject.com/route/106060977/problem-d,1.4,-1,Boulder,V0,1,,37.32895,-118.57595,20,6,8,31
45,Unnamed Slab/Arete,Buttermilk Stem Boulder > Buttermilk Stem Area > Buttermilks Main > Buttermilk Country > Bishop Area > Sierra Eastside > California,https://www.mountainproject.com/route/106130723/unnamed-slabarete,2.5,-1,Boulder,V0,1,18.0,37.32906,-118.5768,11,2,13,17
46,Problem C,Rowell Rock > Buttermilk Stem Area > Buttermilks Main > Buttermilk Country > Bishop Area > Sierra Eastside > California,https://www.mountainproject.com/route/106336055/problem-c,2.4,-1,Boulder,V0,1,25.0,37.32878,-118.57687,7,2,5,7
47,Left Facing Arete,Corner Boulders > Buttermilks Main > Buttermilk Country > Bishop Area > Sierra Eastside > California,https://www.mountainproject.com/route/114316077/left-facing-arete,2.5,-1,Boulder,V0,1,12.0,37.32909,-118.57791,4,2,3,3
48,Unnamed V0,Boy and Girl Rocks > Buttermilks Main > Buttermilk Country > Bishop Area > Sierra Eastside > California,https://www.mountainproject.com/route/106442728/unnamed-v0,2.4,-1,Boulder,V0,1,20.0,37.32993,-118.57853,43,11,10,92
49,Yo! Basecamp,Womb Boulder > Buttermilks Main > Buttermilk Country > Bishop Area > Sierra Eastside > California,https://www.mountainproject.com/route/114076356/yo-basecamp,2.3,-1,Boulder,V0,1,10.0,37.329,-118.57473,8,3,3,11
50,Tricky Grain,Small Fruit Boulder > Small Fruit > Dale's Camp > Buttermilk Country > Bishop Area > Sierra Eastside > California,https://www.mountainproject.com/route/114241167/tricky-grain,0.0,-1,Boulder,V0,1,,37.32093,-118.57406999999999,2,1,1,1
51,Scoopy-Doo,Small Fruit Boulder > Small Fruit > Dale's Camp > Buttermilk Country > Bishop Area > Sierra Eastside > California,https://www.mountainproject.com/route/114241182/scoopy-doo,2.0,-1,Boulder,V0,1,,37.32093,-118.57406999999999,1,1,2,2
52,Natural Melody,Natural Melody Boulder > Secrets of the Beehive Area > Beehive Area > Buttermilk Country > Bishop Area > Sierra Eastside > California,https://www.mountainproject.com/route/112499885/natural-melody,2.5,-1,Boulder,V0 PG13,1,30.0,37.33676,-118.57615,2,1,5,2
53,Lifeguard Fantasy,Warmup Boulders > Bardini Boulders > Buttermilk Country > Bishop Area > Sierra Eastside > California,https://www.mountainproject.com/route/114054347/lifeguard-fantasy,2.0,-1,Boulder,V0 PG13,1,18.0,37.318290000000005,-118.5863,1,1,6,0
54,Problem C,Tut Boulder > Buttermilks Main > Buttermilk Country > Bishop Area > Sierra Eastside > California,https://www.mountainproject.com/route/106322544/problem-c,2.1,-1,Boulder,V0+,1,12.0,37.329,-118.5773,22,8,9,42
55,Unnamed Arete,Corner Boulders > Buttermilks Main > Buttermilk Country > Bishop Area > Sierra Eastside > California,https://www.mountainproject.com/route/106395524/unnamed-arete,2.5,-1,Boulder,V0+,1,12.0,37.32909,-118.57791,19,6,17,31
56,West Arete,Pope's Hat > Buttermilks Main > Buttermilk Country > Bishop Area > Sierra Eastside > California,https://www.mountainproject.com/route/107043966/west-arete,2.8,-1,"Trad, Boulder",V0+,1,,37.33013,-118.5785,4,2,8,5
57,Sketchpad,Sherman Acres > Buttermilk Country > Bishop Area > Sierra Eastside > California,https://www.mountainproject.com/route/107460413/sketchpad,3.8,-1,Boulder,V0+ R,1,30.0,37.2991,-118.5955,10,6,67,5
58,The Flake Crack,The Flake Crack Boulder > Secrets of the Beehive Area > Beehive Area > Buttermilk Country > Bishop Area > Sierra Eastside > California,https://www.mountainproject.com/route/112499931/the-flake-crack,3.0,-1,Boulder,V0-1,1,40.0,37.337109999999996,-118.5759,1,1,4,0
59,Roadside Crack,Get Carter Boulder > Buttermilk Country > Bishop Area > Sierra Eastside > California,https://www.mountainproject.com/route/107956819/roadside-crack,2.4,-1,Boulder,V1,1,20.0,37.3388,-118.5776,30,7,8,42
60,John Bachar Memorial Problem,White Slab Boulder > Pollen Grains / Lidija Boulders > Buttermilk Country > Bishop Area > Sierra Eastside > California,https://www.mountainproject.com/route/112252165/john-bachar-memorial-problem,4.0,-1,Boulder,V1 R,1,25.0,37.33744,-118.57356000000001,5,4,31,5
61,Birthday Left,Birthday Boulders > Buttermilks Main > Buttermilk Country > Bishop Area > Sierra Eastside > California,https://www.mountainproject.com/route/106027080/birthday-left,2.2,-1,Boulder,V1,1,10.0,37.330040000000004,-118.57901000000001,216,66,75,440
62,The Prow Stand Start,Birthday Boulders > Buttermilks Main > Buttermilk Country > Bishop Area > Sierra Eastside > California,https://www.mountainproject.com/route/114341764/the-prow-stand-start,2.7,-1,Boulder,V1,1,16.0,37.330040000000004,-118.57901000000001,7,2,7,18
63,Good Morning Sunshine,Sunshine Boulder > Buttermilks Main > Buttermilk Country > Bishop Area > Sierra Eastside > California,https://www.mountainproject.com/route/106094043/good-morning-sunshine,3.1,-1,Boulder,V1 PG13,1,22.0,37.328590000000005,-118.57516000000001,116,30,81,173
64,Unnamed 4,Sunshine Boulder > Buttermilks Main > Buttermilk Country > Bishop Area > Sierra Eastside > California,https://www.mountainproject.com/route/107987316/unnamed-4,1.7,-1,Boulder,V1,1,15.0,37.328590000000005,-118.57516000000001,6,1,4,10
65,Unnamed 5,Sunshine Boulder > Buttermilks Main > Buttermilk Country > Bishop Area > Sierra Eastside > California,https://www.mountainproject.com/route/107987323/unnamed-5,2.2,-1,Boulder,V1,1,15.0,37.328590000000005,-118.57516000000001,5,2,5,11
66,Green Wall Arete,Green Wall Boulder > Buttermilks Main > Buttermilk Country > Bishop Area > Sierra Eastside > California,https://www.mountainproject.com/route/106093952/green-wall-arete,2.4,-1,Boulder,V1,1,20.0,37.32873,-118.57534,109,38,69,190
67,Blue Ball Existential,Green Wall Boulder > Buttermilks Main > Buttermilk Country > Bishop Area > Sierra Eastside > California,https://www.mountainproject.com/route/112826595/blue-ball-existential,2.5,-1,Boulder,V1,1,15.0,37.32873,-118.57534,2,1,4,1
68,Problem C,Roadside Boulder > Roadside Area > Buttermilks Main > Buttermilk Country > Bishop Area > Sierra Eastside > California,https://www.mountainproject.com/route/107987405/problem-c,1.1,-1,Boulder,V1,1,12.0,37.3282,-118.5761,10,2,6,10
69,Problem A,Scoop Boulder > Roadside Area > Buttermilks Main > Buttermilk Country > Bishop Area > Sierra Eastside > California,https://www.mountainproject.com/route/107987380/problem-a,2.0,-1,Boulder,V1,1,12.0,37.3282,-118.5762,2,1,8,10
70,"Rib, No Rib",Hero  Roof Boulder > Iron Man Area > Buttermilks Main > Buttermilk Country > Bishop Area > Sierra Eastside > California,https://www.mountainproject.com/route/111729554/rib-no-rib,2.5,-1,Boulder,V1,1,12.0,37.33,-118.5782,17,5,29,30
71,Groovy Grit,Hero  Roof Boulder > Iron Man Area > Buttermilks Main > Buttermilk Country > Bishop Area > Sierra Eastside > California,https://www.mountainproject.com/route/114039783/groovy-grit,2.3,-1,Boulder,V1,1,,37.33,-118.5782,3,2,4,6
72,Problem F,Ranger Rock > Buttermilks Main > Buttermilk Country > Bishop Area > Sierra Eastside > California,https://www.mountainproject.com/route/106060921/problem-f,1.8,-1,Boulder,V1,1,,37.329640000000005,-118.57869,12,4,7,24
73,Five and Dime,Stained Glass/Flyboy Area > Buttermilks Main > Buttermilk Country > Bishop Area > Sierra Eastside > California,https://www.mountainproject.com/route/107204089/five-and-dime,2.6,-1,Boulder,V1,1,,37.33057,-118.57834,18,6,12,28
74,Five and Dime Left Sit Start,Stained Glass/Flyboy Area > Buttermilks Main > Buttermilk Country > Bishop Area > Sierra Eastside > California,https://www.mountainproject.com/route/107204116/five-and-dime-left-sit-start,2.0,-1,Boulder,V1,1,,37.33057,-118.57834,1,1,1,5
75,Ay,Tut Boulder > Buttermilks Main > Buttermilk Country > Bishop Area > Sierra Eastside > California,https://www.mountainproject.com/route/106100333/ay,2.1,-1,Boulder,V1,1,15.0,37.329,-118.5773,31,6,12,51
76,Problem B,Tut Boulder > Buttermilks Main > Buttermilk Country > Bishop Area > Sierra Eastside > California,https://www.mountainproject.com/route/108048876/problem-b,2.1,-1,Boulder,V1,1,15.0,37.329,-118.5773,12,2,7,26
77,Buttermilk Stem,Buttermilk Stem Boulder > Buttermilk Stem Area > Buttermilks Main > Buttermilk Country > Bishop Area > Sierra Eastside > California,https://www.mountainproject.com/route/106130698/buttermilk-stem,3.5,-1,Boulder,V1,1,15.0,37.32906,-118.5768,272,77,400,467
78,Buttermilk Gem,Rowell Rock > Buttermilk Stem Area > Buttermilks Main > Buttermilk Country > Bishop Area > Sierra Eastside > California,https://www.mountainproject.com/route/106130735/buttermilk-gem,3.0,-1,Boulder,V1 R,1,28.0,37.32878,-118.57687,6,2,15,6
79,Junior's Arete,Rowell Rock > Buttermilk Stem Area > Buttermilks Main > Buttermilk Country > Bishop Area > Sierra Eastside > California,https://www.mountainproject.com/route/106130759/juniors-arete,2.4,-1,Boulder,V1,1,20.0,37.32878,-118.57687,14,3,11,12
80,Problem A,Rowell Rock > Buttermilk Stem Area > Buttermilks Main > Buttermilk Country > Bishop Area > Sierra Eastside > California,https://www.mountainproject.com/route/106322590/problem-a,2.2,-1,Boulder,V1 PG13,1,25.0,37.32878,-118.57687,6,1,5,9
81,Problem B,Rowell Rock > Buttermilk Stem Area > Buttermilks Main > Buttermilk Country > Bishop Area > Sierra Eastside > California,https://www.mountainproject.com/route/106322596/problem-b,2.1,-1,Boulder,V1 PG13,1,20.0,37.32878,-118.57687,8,3,4,12
82,Warm up to Hobbs,Corner Boulders > Buttermilks Main > Buttermilk Country > Bishop Area > Sierra Eastside > California,https://www.mountainproject.com/route/114316113/warm-up-to-hobbs,3.0,-1,Boulder,V1,1,12.0,37.32909,-118.57791,2,2,12,4
83,Unnamed V1,Boy and Girl Rocks > Buttermilks Main > Buttermilk Country > Bishop Area > Sierra Eastside > California,https://www.mountainproject.com/route/107030002/unnamed-v1,2.1,-1,Boulder,V1,1,12.0,37.32993,-118.57853,24,4,11,46
84,Flakes,Buttocks/Smooth Shrimp Boulder > Buttermilks Main > Buttermilk Country > Bishop Area > Sierra Eastside > California,https://www.mountainproject.com/route/108002634/flakes,2.6,-1,Boulder,V1,1,,37.329229999999995,-118.57528,35,9,33,64
85,The Buttocks,Buttocks/Smooth Shrimp Boulder > Buttermilks Main > Buttermilk Country > Bishop Area > Sierra Eastside > California,https://www.mountainproject.com/route/108002643/the-buttocks,2.0,-1,Boulder,V1,1,,37.329229999999995,-118.57528,2,1,5,5
86,The Womb (Birthing Experience),Womb Boulder > Buttermilks Main > Buttermilk Country > Bishop Area > Sierra Eastside > California,https://www.mountainproject.com/route/107052779/the-womb-birthing-experience,3.0,-1,Boulder,V1,1,12.0,37.329,-118.57473,129,46,207,236
87,Tubular,Sharma Traverse Boulder > Buttermilks Main > Buttermilk Country > Bishop Area > Sierra Eastside > California,https://www.mountainproject.com/route/114189856/tubular,3.0,-1,Boulder,V1,1,12.0,37.32954,-118.57498000000001,1,1,5,0
88,Heart Prow,Heart Prow Boulder > Zeppelin Area > Dale's Camp > Buttermilk Country > Bishop Area > Sierra Eastside > California,https://www.mountainproject.com/route/108088018/heart-prow,2.5,-1,Boulder,V1,1,,37.3184,-118.5741,6,3,11,5
89,No Chicken,Chicken Head Boulder > Zeppelin Area > Dale's Camp > Buttermilk Country > Bishop Area > Sierra Eastside > California,https://www.mountainproject.com/route/116715500/no-chicken,2.0,-1,Boulder,V1,1,12.0,37.318259999999995,-118.5744,1,1,0,1
90,Ballbuster,Queen Sweet Nectar Boulder > Secrets of the Beehive Area > Beehive Area > Buttermilk Country > Bishop Area > Sierra Eastside > California,https://www.mountainproject.com/route/112499920/ballbuster,2.0,-1,Boulder,V1,1,20.0,37.33684,-118.57603999999999,1,1,2,0
91,Boneyard Rail Problem,Boneyard Area > Painted Cave Area > Buttermilk Country > Bishop Area > Sierra Eastside > California,https://www.mountainproject.com/route/111715390/boneyard-rail-problem,2.0,-1,Boulder,V1,1,14.0,37.32143,-118.58055,1,1,1,0
92,The Shard,Warmup Boulders > Bardini Boulders > Buttermilk Country > Bishop Area > Sierra Eastside > California,https://www.mountainproject.com/route/114054351/the-shard,2.0,-1,Boulder,V1,1,,37.318290000000005,-118.5863,1,1,3,0
93,White Face,Warmup Boulders > Bardini Boulders > Buttermilk Country > Bishop Area > Sierra Eastside > California,https://www.mountainproject.com/route/114054765/white-face,2.0,-1,Boulder,V1,1,,37.318290000000005,-118.5863,1,1,0,0
94,The Glass House Arete,The Glass House > The Glass House > Buttermilk Country > Bishop Area > Sierra Eastside > California,https://www.mountainproject.com/route/114054434/the-glass-house-arete,2.0,-1,Boulder,V1 PG13,1,20.0,37.31538,-118.5724,1,1,1,0
95,Unknown,Creek Boulder > Heaven > Buttermilk Country > Bishop Area > Sierra Eastside > California,https://www.mountainproject.com/route/114054520/unknown,2.0,-1,"Boulder, Alpine",V1,1,,37.28557,-118.64861,1,1,1,0
96,West Face,Whale Boulder > Heaven > Buttermilk Country > Bishop Area > Sierra Eastside > California,https://www.mountainproject.com/route/114054598/west-face,2.0,-1,"Boulder, Alpine",V1 PG13,1,,37.28602,-118.64943999999998,1,1,1,0
97,West Arete,Tang > Heaven > Buttermilk Country > Bishop Area > Sierra Eastside > California,https://www.mountainproject.com/route/114054638/west-arete,2.0,-1,"Boulder, Alpine",V1,1,,37.28499,-118.65077,1,1,6,0
98,Unnamed V2,Iron Man Boulder > Iron Man Area > Buttermilks Main > Buttermilk Country > Bishop Area > Sierra Eastside > California,https://www.mountainproject.com/route/107370951/unnamed-v2,2.3,-1,Boulder,V1+,1,,37.330009999999994,-118.57811000000001,37,18,10,62
99,Unnamed,Lower Smoking Boulder > Buttermilks Main > Buttermilk Country > Bishop Area > Sierra Eastside > California,https://www.mountainproject.com/route/107347384/unnamed,2.4,-1,Boulder,V1+,1,20.0,37.32881,-118.57468999999999,5,5,10,5
100,Pothole Traverse,Pothole Boulder > Buttermilk Stem Area > Buttermilks Main > Buttermilk Country > Bishop Area > Sierra Eastside > California,https://www.mountainproject.com/route/106130742/pothole-traverse,2.5,-1,Boulder,V1-2,1,,37.32885,-118.57667,2,1,13,2
101,Wanderlust,Lidija / Pollen Grain Boulder > Pollen Grains / Lidija Boulders > Buttermilk Country > Bishop Area > Sierra Eastside > California,https://www.mountainproject.com/route/107027383/wanderlust,2.4,-1,Boulder,V2,1,,37.3377,-118.5701,18,5,9,24
102,Hunting Dog,Lidija / Pollen Grain Boulder > Pollen Grains / Lidija Boulders > Buttermilk Country > Bishop Area > Sierra Eastside > California,https://www.mountainproject.com/route/108477060/hunting-dog,2.3,-1,Boulder,V2,1,12.0,37.3377,-118.5701,18,1,6,22
103,Cover Me With Flowers,Honey Boulder > Pollen Grains / Lidija Boulders > Buttermilk Country > Bishop Area > Sierra Eastside > California,https://www.mountainproject.com/route/108054574/cover-me-with-flowers,3.3,-1,Boulder,V2,1,,37.336999999999996,-118.5702,39,11,122,48
104,Timothy Leary Presents...,The Hive Boulder > Pollen Grains / Lidija Boulders > Buttermilk Country > Bishop Area > Sierra Eastside > California,https://www.mountainproject.com/route/112252241/timothy-leary-presents,3.4,-1,Boulder,V2,1,20.0,37.33781,-118.57337,5,3,26,2
105,North Face Direct,Grandma Peabody Boulder > Peabody Boulders > Buttermilks Main > Buttermilk Country > Bishop Area > Sierra Eastside > California,https://www.mountainproject.com/route/106378692/north-face-direct,3.3,-1,Boulder,V2,1,20.0,37.32837,-118.57479,21,6,71,30
106,Birthday Left (SDS),Birthday Boulders > Buttermilks Main > Buttermilk Country > Bishop Area > Sierra Eastside > California,https://www.mountainproject.com/route/106027084/birthday-left-sds,2.1,-1,Boulder,V2,1,12.0,37.330040000000004,-118.57901000000001,27,5,10,42
107,The Prow,Birthday Boulders > Buttermilks Main > Buttermilk Country > Bishop Area > Sierra Eastside > California,https://www.mountainproject.com/route/106131018/the-prow,2.8,-1,Boulder,V2,1,16.0,37.330040000000004,-118.57901000000001,213,60,100,409
108,North Roof Crack,Birthday Boulders > Buttermilks Main > Buttermilk Country > Bishop Area > Sierra Eastside > California,https://www.mountainproject.com/route/106495109/north-roof-crack,2.3,-1,Boulder,V2,1,,37.330040000000004,-118.57901000000001,3,1,8,4
109,Inner Sanctum,Cave Boulder > Cave Area > Buttermilks Main > Buttermilk Country > Bishop Area > Sierra Eastside > California,https://www.mountainproject.com/route/107064103/inner-sanctum,2.4,-1,Boulder,V2,1,8.0,37.32863,-118.57633999999999,49,12,42,81
110,Green Wall Essential,Green Wall Boulder > Buttermilks Main > Buttermilk Country > Bishop Area > Sierra Eastside > California,https://www.mountainproject.com/route/105936142/green-wall-essential,3.1,-1,Boulder,V2,1,20.0,37.32873,-118.57534,287,82,162,493
111,Problem C,Ranger Rock > Buttermilks Main > Buttermilk Country > Bishop Area > Sierra Eastside > California,https://www.mountainproject.com/route/105936782/problem-c,2.8,-1,Boulder,V2,1,,37.329640000000005,-118.57869,21,5,11,41
112,Problem I,Ranger Rock > Buttermilks Main > Buttermilk Country > Bishop Area > Sierra Eastside > California,https://www.mountainproject.com/route/105936806/problem-i,1.3,-1,Boulder,V2,1,,37.329640000000005,-118.57869,10,2,3,27
113,Problem E,Ranger Rock > Buttermilks Main > Buttermilk Country > Bishop Area > Sierra Eastside > California,https://www.mountainproject.com/route/106060912/problem-e,1.4,-1,Boulder,V2,1,,37.329640000000005,-118.57869,10,2,5,21
114,Unnamed Slab,Ranger Rock > Buttermilks Main > Buttermilk Country > Bishop Area > Sierra Eastside > California,https://www.mountainproject.com/route/114223690/unnamed-slab,2.0,-1,Boulder,V2,1,,37.329640000000005,-118.57869,1,1,1,1
115,Monkey Dihedral,Saigon Boulder > Buttermilks Main > Buttermilk Country > Bishop Area > Sierra Eastside > California,https://www.mountainproject.com/route/106908986/monkey-dihedral,3.3,-1,Boulder,V2,1,17.0,37.329440000000005,-118.57548,71,18,158,108
116,Sheepherder,The Loaf > Buttermilks Main > Buttermilk Country > Bishop Area > Sierra Eastside > California,https://www.mountainproject.com/route/106279792/sheepherder,3.5,-1,Boulder,V2,1,,37.330220000000004,-118.57882,76,24,100,86
117,Scoop,Stained Glass/Flyboy Area > Buttermilks Main > Buttermilk Country > Bishop Area > Sierra Eastside > California,https://www.mountainproject.com/route/115381134/scoop,2.0,-1,Boulder,V2,1,15.0,37.33057,-118.57834,2,1,0,2
118,Problem A,Tut Boulder > Buttermilks Main > Buttermilk Country > Bishop Area > Sierra Eastside > California,https://www.mountainproject.com/route/106060948/problem-a,2.0,-1,Boulder,V2,1,,37.329,-118.5773,8,2,6,18
119,Problem E,Fit Homeless Boulder > Buttermilks Main > Buttermilk Country > Bishop Area > Sierra Eastside > California,https://www.mountainproject.com/route/106060983/problem-e,2.0,-1,Boulder,V2,1,,37.32895,-118.57595,19,5,6,33
120,Problem A,Buttermilk Stem Boulder > Buttermilk Stem Area > Buttermilks Main > Buttermilk Country > Bishop Area > Sierra Eastside > California,https://www.mountainproject.com/route/106322579/problem-a,2.6,-1,Boulder,V2,1,15.0,37.32906,-118.5768,16,5,14,24
121,Hobbs' Problem,Corner Boulders > Buttermilks Main > Buttermilk Country > Bishop Area > Sierra Eastside > California,https://www.mountainproject.com/route/106353989/hobbs-problem,3.0,-1,Boulder,V2,1,15.0,37.32909,-118.57791,25,6,28,37
122,The Hunk,The Hunk > Buttermilks Main > Buttermilk Country > Bishop Area > Sierra Eastside > California,https://www.mountainproject.com/route/106382086/the-hunk,3.7,-1,Boulder,V2,1,20.0,37.32886,-118.57512,182,56,292,267
123,Dale's Right,Led Zeppelin Boulder > Zeppelin Area > Dale's Camp > Buttermilk Country > Bishop Area > Sierra Eastside > California,https://www.mountainproject.com/route/106418652/dales-right,3.0,-1,Boulder,V2,1,15.0,37.31777,-118.57443,7,2,7,6
124,Unnamed V2,Fear Of A Black Planet Boulder > Small Fruit > Dale's Camp > Buttermilk Country > Bishop Area > Sierra Eastside > California,https://www.mountainproject.com/route/114241147/unnamed-v2,2.0,-1,Boulder,V2,1,,37.32093,-118.57408000000001,1,1,1,1
125,"No Words, No Talk",Queen Sweet Nectar Boulder > Secrets of the Beehive Area > Beehive Area > Buttermilk Country > Bishop Area > Sierra Eastside > California,https://www.mountainproject.com/route/112499909/no-words-no-talk,1.0,-1,Boulder,V2 PG13,1,32.0,37.33684,-118.57603999999999,1,1,0,0
126,Xen,Xen Boulder > Painted Cave Area > Buttermilk Country > Bishop Area > Sierra Eastside > California,https://www.mountainproject.com/route/111728209/xen,3.5,-1,Boulder,V2,1,12.0,37.32287,-118.5802,4,1,24,2
127,unknown,Walkabout 4 > Walkabout Boulders > Bardini Boulders > Buttermilk Country > Bishop Area > Sierra Eastside > California,https://www.mountainproject.com/route/114054783/unknown,2.0,-1,Boulder,V2,1,,37.316109999999995,-118.58188999999999,1,1,1,0
128,Birthday Link,Birthday Boulders > Buttermilks Main > Buttermilk Country > Bishop Area > Sierra Eastside > California,https://www.mountainproject.com/route/106277567/birthday-link,2.6,-1,Boulder,V2+,1,12.0,37.330040000000004,-118.57901000000001,25,7,12,50
129,To Kill Ya Corner,Get Carter Boulder > Buttermilk Country > Bishop Area > Sierra Eastside > California,https://www.mountainproject.com/route/106029305/to-kill-ya-corner,3.1,-1,Boulder,V3,1,,37.3388,-118.5776,31,7,24,33
130,Perry's Pose,Get Carter Boulder > Buttermilk Country > Bishop Area > Sierra Eastside > California,https://www.mountainproject.com/route/111683780/perrys-pose,3.0,-1,Boulder,V3,1,10.0,37.3388,-118.5776,2,1,16,2
131,Edge of Reason,Edge of Reason Boulder > Checkerboard Area > Buttermilk Country > Bishop Area > Sierra Eastside > California,https://www.mountainproject.com/route/111730011/edge-of-reason,2.2,-1,Boulder,V3,1,13.0,37.32508,-118.58025,6,3,10,6
132,Lidija's Mouth,Lidija / Pollen Grain Boulder > Pollen Grains / Lidija Boulders > Buttermilk Country > Bishop Area > Sierra Eastside > California,https://www.mountainproject.com/route/106589288/lidijas-mouth,3.5,-1,Boulder,V3,1,12.0,37.3377,-118.5701,77,28,171,87
133,Bee Sneeze,Apiary Boulder > Apiary Area > Pollen Grains / Lidija Boulders > Buttermilk Country > Bishop Area > Sierra Eastside > California,https://www.mountainproject.com/route/108087978/bee-sneeze,3.3,-1,Boulder,V3 PG13,1,20.0,37.3378,-118.5725,6,5,17,5
134,Scooped Face,Honey Bear Bong Boulder > Apiary Area > Pollen Grains / Lidija Boulders > Buttermilk Country > Bishop Area > Sierra Eastside > California,https://www.mountainproject.com/route/108107994/scooped-face,3.0,-1,Boulder,V3 R,1,25.0,37.3378,-118.5727,6,4,5,4
135,Birthday Direct,Birthday Boulders > Buttermilks Main > Buttermilk Country > Bishop Area > Sierra Eastside > California,https://www.mountainproject.com/route/106027088/birthday-direct,3.3,-1,Boulder,V3,1,12.0,37.330040000000004,-118.57901000000001,239,80,317,391
136,Problem E,Birthday Boulders > Buttermilks Main > Buttermilk Country > Bishop Area > Sierra Eastside > California,https://www.mountainproject.com/route/106277539/problem-e,2.5,-1,Boulder,V3,1,12.0,37.330040000000004,-118.57901000000001,8,3,9,14
137,Problem F,Birthday Boulders > Buttermilks Main > Buttermilk Country > Bishop Area > Sierra Eastside > California,https://www.mountainproject.com/route/106277548/problem-f,2.6,-1,Boulder,V3,1,12.0,37.330040000000004,-118.57901000000001,13,2,8,20
138,Birthday Skyline,Birthday Boulders > Buttermilks Main > Buttermilk Country > Bishop Area > Sierra Eastside > California,https://www.mountainproject.com/route/106277573/birthday-skyline,2.5,-1,Boulder,V3,1,12.0,37.330040000000004,-118.57901000000001,68,17,39,86
139,South Roof Crack,Birthday Boulders > Buttermilks Main > Buttermilk Country > Bishop Area > Sierra Eastside > California,https://www.mountainproject.com/route/106495092/south-roof-crack,2.5,-1,Boulder,V3,1,,37.330040000000004,-118.57901000000001,2,1,8,2
140,Dyno Problem,Cave Boulder > Cave Area > Buttermilks Main > Buttermilk Country > Bishop Area > Sierra Eastside > California,https://www.mountainproject.com/route/108048847/dyno-problem,2.4,-1,Boulder,V3,1,12.0,37.32863,-118.57633999999999,10,6,5,11
141,East Rib,Green Wall Boulder > Buttermilks Main > Buttermilk Country > Bishop Area > Sierra Eastside > California,https://www.mountainproject.com/route/107908759/east-rib,3.5,-1,Boulder,V3 PG13,1,30.0,37.32873,-118.57534,15,3,16,15
142,Rail Problem,Roadside Boulder > Roadside Area > Buttermilks Main > Buttermilk Country > Bishop Area > Sierra Eastside > California,https://www.mountainproject.com/route/105936169/rail-problem,2.3,-1,Boulder,V3,1,,37.3282,-118.5761,32,8,12,45
143,Roadside Highball,Roadside Boulder > Roadside Area > Buttermilks Main > Buttermilk Country > Bishop Area > Sierra Eastside > California,https://www.mountainproject.com/route/107916146/roadside-highball,3.5,-1,Boulder,V3 PG13,1,18.0,37.3282,-118.5761,15,3,11,15
144,Slots,Scoop Boulder > Roadside Area > Buttermilks Main > Buttermilk Country > Bishop Area > Sierra Eastside > California,https://www.mountainproject.com/route/107987370/slots,1.5,-1,Boulder,V3,1,12.0,37.3282,-118.5762,2,1,5,1
145,Problem A,Ranger Rock > Buttermilks Main > Buttermilk Country > Bishop Area > Sierra Eastside > California,https://www.mountainproject.com/route/105936787/problem-a,2.3,-1,Boulder,V3,1,,37.329640000000005,-118.57869,24,9,14,43
146,Yeast,The Loaf > Buttermilks Main > Buttermilk Country > Bishop Area > Sierra Eastside > California,https://www.mountainproject.com/route/108602480/yeast,3.0,-1,Boulder,V3,1,,37.330220000000004,-118.57882,10,4,5,14
147,Dough Boy,The Loaf > Buttermilks Main > Buttermilk Country > Bishop Area > Sierra Eastside > California,https://www.mountainproject.com/route/108637157/dough-boy,2.5,-1,Boulder,V3,1,15.0,37.330220000000004,-118.57882,4,1,8,5
148,Unnamed V3,Stained Glass/Flyboy Area > Buttermilks Main > Buttermilk Country > Bishop Area > Sierra Eastside > California,https://www.mountainproject.com/route/106881121/unnamed-v3,2.2,-1,Boulder,V3,1,,37.33057,-118.57834,9,2,4,10
149,East Side Story,Stained Glass/Flyboy Area > Buttermilks Main > Buttermilk Country > Bishop Area > Sierra Eastside > California,https://www.mountainproject.com/route/108367743/east-side-story,3.8,-1,Boulder,V3,1,30.0,37.33057,-118.57834,17,10,100,18
150,King Tut,Tut Boulder > Buttermilks Main > Buttermilk Country > Bishop Area > Sierra Eastside > California,https://www.mountainproject.com/route/105972724/king-tut,3.3,-1,Boulder,V3,1,17.0,37.329,-118.5773,216,54,209,350
151,Funky Tut,Tut Boulder > Buttermilks Main > Buttermilk Country > Bishop Area > Sierra Eastside > California,https://www.mountainproject.com/route/106077053/funky-tut,3.2,-1,Boulder,V3,1,15.0,37.329,-118.5773,218,48,127,388
152,Tut Crack,Tut Boulder > Buttermilks Main > Buttermilk Country > Bishop Area > Sierra Eastside > California,https://www.mountainproject.com/route/113967435/tut-crack,2.0,-1,Boulder,V3,1,,37.329,-118.5773,2,1,3,2
153,Pope's Problem,Pope's Hat > Buttermilks Main > Buttermilk Country > Bishop Area > Sierra Eastside > California,https://www.mountainproject.com/route/109565882/popes-problem,3.3,-1,Boulder,V3 R,1,25.0,37.33013,-118.5785,8,6,32,5
154,Dale's Left,Led Zeppelin Boulder > Zeppelin Area > Dale's Camp > Buttermilk Country > Bishop Area > Sierra Eastside > California,https://www.mountainproject.com/route/106568823/dales-left,2.7,-1,Boulder,V3,1,18.0,37.31777,-118.57443,3,2,2,2
155,Agent Orange,Agent Orange Boulder > Zeppelin Area > Dale's Camp > Buttermilk Country > Bishop Area > Sierra Eastside > California,https://www.mountainproject.com/route/116715318/agent-orange,1.0,-1,Boulder,V3,1,12.0,37.31821,-118.57395,1,1,0,1
156,Unnamed V3,Xav's Roof Boulder > Hueco Wall Area > Dale's Camp > Buttermilk Country > Bishop Area > Sierra Eastside > California,https://www.mountainproject.com/route/114241195/unnamed-v3,2.0,-1,Boulder,V3,1,,37.31814,-118.57567,1,1,0,1
157,Small Fruit,Small Fruit Boulder > Small Fruit > Dale's Camp > Buttermilk Country > Bishop Area > Sierra Eastside > California,https://www.mountainproject.com/route/114241174/small-fruit,3.0,-1,Boulder,V3,1,,37.32093,-118.57406999999999,1,1,2,0
158,Bone Bulge,Boneyard Area > Painted Cave Area > Buttermilk Country > Bishop Area > Sierra Eastside > California,https://www.mountainproject.com/route/111715456/bone-bulge,1.0,-1,Boulder,V3,1,14.0,37.32143,-118.58055,1,1,0,0
159,Split Arete,Xen Boulder > Painted Cave Area > Buttermilk Country > Bishop Area > Sierra Eastside > California,https://www.mountainproject.com/route/111728223/split-arete,2.0,-1,Boulder,V3,1,14.0,37.32287,-118.5802,1,1,2,0
160,Green Face,Warmup Boulders > Bardini Boulders > Buttermilk Country > Bishop Area > Sierra Eastside > California,https://www.mountainproject.com/route/114054355/green-face,2.0,-1,Boulder,V3,1,15.0,37.318290000000005,-118.5863,1,1,0,0
161,Snake Eyes,Snake Eyes Boulder > The Glass House > Buttermilk Country > Bishop Area > Sierra Eastside > California,https://www.mountainproject.com/route/114054451/snake-eyes,2.0,-1,Boulder,V3,1,,37.31538,-118.5724,1,1,0,0
162,The Green Room,The Green Room > The Glass House > Buttermilk Country > Bishop Area > Sierra Eastside > California,https://www.mountainproject.com/route/114054469/the-green-room,2.0,-1,Boulder,V3 PG13,1,,37.31518,-118.57184,1,1,0,0
163,Unknown,The Orange Slab Boulder > Heaven > Buttermilk Country > Bishop Area > Sierra Eastside > California,https://www.mountainproject.com/route/114054542/unknown,4.0,-1,"Boulder, Alpine",V3 R,1,,37.28632,-118.64951,1,1,4,0
164,Iron Woman Traverse,Iron Woman > Heaven > Buttermilk Country > Bishop Area > Sierra Eastside > California,https://www.mountainproject.com/route/114054604/iron-woman-traverse,2.0,-1,"Boulder, Alpine",V3,1,,37.28687,-118.64931999999999,1,1,4,0
165,The Pit,The Pit Boulder > Heaven > Buttermilk Country > Bishop Area > Sierra Eastside > California,https://www.mountainproject.com/route/114054613/the-pit,2.0,-1,"Boulder, Alpine",V3 PG13,1,,37.28678,-118.64973,1,1,0,0
166,Cracked,Cracked Boulder > Heaven > Buttermilk Country > Bishop Area > Sierra Eastside > California,https://www.mountainproject.com/route/114054623/cracked,3.0,-1,"Boulder, Alpine",V3 PG13,1,,37.2863,-118.65008,1,1,0,0
167,HooHaw,The Sexy Bloc > Buttermilk Country > Bishop Area > Sierra Eastside > California,https://www.mountainproject.com/route/115394209/hoohaw,2.5,-1,Boulder,V3,1,14.0,37.33501,-118.55503,2,1,7,2
168,Iron Man Sit,Iron Man Boulder > Iron Man Area > Buttermilks Main > Buttermilk Country > Bishop Area > Sierra Eastside > California,https://www.mountainproject.com/route/112790594/iron-man-sit,4.0,-1,Boulder,V3+,1,,37.330009999999994,-118.57811000000001,1,1,19,3
169,Big Dave's Big Find,Upside Boulder > Buttermilks Main > Buttermilk Country > Bishop Area > Sierra Eastside > California,https://www.mountainproject.com/route/106916321/big-daves-big-find,1.5,-1,Boulder,V3+,1,15.0,37.3276,-118.5757,2,2,3,2
170,Cuban Roll,Cuban Roll Boulder > Zeppelin Area > Dale's Camp > Buttermilk Country > Bishop Area > Sierra Eastside > California,https://www.mountainproject.com/route/106568885/cuban-roll,3.5,-1,Boulder,V3+,1,20.0,37.31742,-118.5743,12,6,20,11
171,Charlie Brown,Charlie Brown Boulders > Painted Cave Area > Buttermilk Country > Bishop Area > Sierra Eastside > California,https://www.mountainproject.com/route/111712253/charlie-brown,1.5,-1,Boulder,V3+,1,10.0,37.322829999999996,-118.57926,4,3,0,3
172,West Corner,Grandma Peabody Boulder > Peabody Boulders > Buttermilks Main > Buttermilk Country > Bishop Area > Sierra Eastside > California,https://www.mountainproject.com/route/105969025/west-corner,2.2,-1,Boulder,V3-4,1,12.0,37.32837,-118.57479,13,4,13,15
173,Grovel Roof,Grovel Roof Boulder > Buttermilks Main > Buttermilk Country > Bishop Area > Sierra Eastside > California,https://www.mountainproject.com/route/106909066/grovel-roof,2.6,-1,Boulder,V3-4,1,15.0,37.32987,-118.57783,8,3,15,10
174,Follow The Pollen Path,Beekeeper Boulder > Pollen Grains / Lidija Boulders > Buttermilk Country > Bishop Area > Sierra Eastside > California,https://www.mountainproject.com/route/109665927/follow-the-pollen-path,2.3,-1,Boulder,V4-,1,15.0,37.3383,-118.5721,6,1,8,8
175,The Rising,The Loaf > Buttermilks Main > Buttermilk Country > Bishop Area > Sierra Eastside > California,https://www.mountainproject.com/route/106027098/the-rising,2.9,-1,Boulder,V4-,1,,37.330220000000004,-118.57882,49,14,53,64
176,Buttermilk Stem SDS,Buttermilk Stem Boulder > Buttermilk Stem Area > Buttermilks Main > Buttermilk Country > Bishop Area > Sierra Eastside > California,https://www.mountainproject.com/route/109519160/buttermilk-stem-sds,3.4,-1,Boulder,V4-,1,15.0,37.32906,-118.5768,40,15,77,71
177,Grommit,Get Carter Boulder > Buttermilk Country > Bishop Area > Sierra Eastside > California,https://www.mountainproject.com/route/106381955/grommit,3.7,-1,Boulder,V4,1,15.0,37.3388,-118.5776,18,8,44,15
178,"No Sense, No Reason",Edge of Reason Boulder > Checkerboard Area > Buttermilk Country > Bishop Area > Sierra Eastside > California,https://www.mountainproject.com/route/111730042/no-sense-no-reason,2.8,-1,Boulder,V4,1,13.0,37.32508,-118.58025,6,2,13,7
179,Beekeeping for Profit & Pleasure,Beekeeper Boulder > Pollen Grains / Lidija Boulders > Buttermilk Country > Bishop Area > Sierra Eastside > California,https://www.mountainproject.com/route/106408152/beekeeping-for-profit-pleasure,3.1,-1,Boulder,V4,1,25.0,37.3383,-118.5721,14,3,30,16
180,Jedi Mind Tricks,Jedi Boulder > Pollen Grains / Lidija Boulders > Buttermilk Country > Bishop Area > Sierra Eastside > California,https://www.mountainproject.com/route/106464345/jedi-mind-tricks,3.9,-1,Boulder,V4 PG13,1,25.0,37.3366,-118.5703,121,45,546,160
181,Slipstream,Grandma Peabody Boulder > Peabody Boulders > Buttermilks Main > Buttermilk Country > Bishop Area > Sierra Eastside > California,https://www.mountainproject.com/route/111728208/slipstream,1.7,-1,Boulder,V4,1,10.0,37.32837,-118.57479,3,1,1,2
182,Cave Problem,Grandpa Peabody Boulder > Peabody Boulders > Buttermilks Main > Buttermilk Country > Bishop Area > Sierra Eastside > California,https://www.mountainproject.com/route/105936107/cave-problem,2.4,-1,Boulder,V4,1,,37.32817,-118.57477,86,28,95,136
183,East Face Sit,Drifter/Smoking Boulder > Buttermilks Main > Buttermilk Country > Bishop Area > Sierra Eastside > California,https://www.mountainproject.com/route/114263540/east-face-sit,2.7,-1,Boulder,V4,1,35.0,37.32888,-118.57484,3,2,2,2
184,Dripper,Drifter/Smoking Boulder > Buttermilks Main > Buttermilk Country > Bishop Area > Sierra Eastside > California,https://www.mountainproject.com/route/115681919/dripper,3.0,-1,Boulder,V4,1,25.0,37.32888,-118.57484,2,1,1,1
185,Problem B SDS,Green Wall Boulder > Buttermilks Main > Buttermilk Country > Bishop Area > Sierra Eastside > California,https://www.mountainproject.com/route/108934821/problem-b-sds,1.0,-1,Boulder,V4,1,10.0,37.32873,-118.57534,2,1,1,5
186,Problem B,Roadside Boulder > Roadside Area > Buttermilks Main > Buttermilk Country > Bishop Area > Sierra Eastside > California,https://www.mountainproject.com/route/107987397/problem-b,1.6,-1,Boulder,V4,1,18.0,37.3282,-118.5761,5,2,3,7
187,Bowling Pin,Bowling Pin Boulder > Buttermilks Main > Buttermilk Country > Bishop Area > Sierra Eastside > California,https://www.mountainproject.com/route/105936179/bowling-pin,3.6,-1,Boulder,V4,1,,37.32959,-118.5772,168,67,288,196
188,Hager Face,Hager Boulder > Iron Man East Area > Buttermilks Main > Buttermilk Country > Bishop Area > Sierra Eastside > California,https://www.mountainproject.com/route/106095854/hager-face,2.3,-1,Boulder,V4,1,15.0,37.33014,-118.57777,6,1,7,7
189,Iron Man Traverse,Iron Man Boulder > Iron Man Area > Buttermilks Main > Buttermilk Country > Bishop Area > Sierra Eastside > California,https://www.mountainproject.com/route/105936763/iron-man-traverse,3.6,-1,Boulder,V4,1,,37.330009999999994,-118.57811000000001,329,89,552,493
190,Unnamed V4,Iron Man Boulder > Iron Man Area > Buttermilks Main > Buttermilk Country > Bishop Area > Sierra Eastside > California,https://www.mountainproject.com/route/107370986/unnamed-v4,1.5,-1,Boulder,V4,1,8.0,37.330009999999994,-118.57811000000001,2,1,2,2
191,Nan Bread,The Loaf > Buttermilks Main > Buttermilk Country > Bishop Area > Sierra Eastside > California,https://www.mountainproject.com/route/108637144/nan-bread,3.3,-1,Boulder,V4,1,15.0,37.330220000000004,-118.57882,11,5,27,10
192,Lululator,Tut Boulder > Buttermilks Main > Buttermilk Country > Bishop Area > Sierra Eastside > California,https://www.mountainproject.com/route/106060941/lululator,2.5,-1,Boulder,V4,1,,37.329,-118.5773,26,8,14,32
193,Wimberries,Tut Boulder > Buttermilks Main > Buttermilk Country > Bishop Area > Sierra Eastside > California,https://www.mountainproject.com/route/107024502/wimberries,2.7,-1,Boulder,V4,1,15.0,37.329,-118.5773,22,8,9,26
194,Problem D SDS,Tut Boulder > Buttermilks Main > Buttermilk Country > Bishop Area > Sierra Eastside > California,https://www.mountainproject.com/route/108048884/problem-d-sds,1.0,-1,Boulder,V4,1,12.0,37.329,-118.5773,1,1,2,3
195,Unnamed (Brian's Finish),Buttermilk Stem Boulder > Buttermilk Stem Area > Buttermilks Main > Buttermilk Country > Bishop Area > Sierra Eastside > California,https://www.mountainproject.com/route/106130703/unnamed-brians-finish,2.3,-1,Boulder,V4,1,15.0,37.32906,-118.5768,12,5,3,14
196,Unnamed V4,Boy and Girl Rocks > Buttermilks Main > Buttermilk Country > Bishop Area > Sierra Eastside > California,https://www.mountainproject.com/route/106442744/unnamed-v4,2.4,-1,Boulder,V4,1,15.0,37.32993,-118.57853,22,6,7,42
197,Southwest Face,Pope's Hat > Buttermilks Main > Buttermilk Country > Bishop Area > Sierra Eastside > California,https://www.mountainproject.com/route/107045129/southwest-face,3.0,-1,"Trad, Boulder",V4,1,,37.33013,-118.5785,7,4,7,3
198,Green Hornet,Green Hornet Boulder > Dale's West > Dale's Camp > Buttermilk Country > Bishop Area > Sierra Eastside > California,https://www.mountainproject.com/route/106737211/green-hornet,3.9,-1,Boulder,V4,1,18.0,37.3185,-118.5781,38,18,95,45
199,The Form,Form Destroyer Roof Boulder > Beehive Area > Buttermilk Country > Bishop Area > Sierra Eastside > California,https://www.mountainproject.com/route/111711869/the-form,2.0,-1,Boulder,V4,1,20.0,37.336729999999996,-118.57571999999999,1,1,0,0
200,The Roof,Form Destroyer Roof Boulder > Beehive Area > Buttermilk Country > Bishop Area > Sierra Eastside > California,https://www.mountainproject.com/route/111711939/the-roof,1.0,-1,Boulder,V4,1,17.0,37.336729999999996,-118.57571999999999,1,1,0,0
201,"Harder, Browner",Charlie Brown Boulders > Painted Cave Area > Buttermilk Country > Bishop Area > Sierra Eastside > California,https://www.mountainproject.com/route/111712307/harder-browner,1.3,-1,Boulder,V4,1,11.0,37.322829999999996,-118.57926,3,2,0,3
202,Boneyard Dyno,Boneyard Area > Painted Cave Area > Buttermilk Country > Bishop Area > Sierra Eastside > California,https://www.mountainproject.com/route/111715402/boneyard-dyno,1.0,-1,Boulder,V4,1,13.0,37.32143,-118.58055,1,1,1,0
203,Unknown,The McNugget > Bardini Boulders > Buttermilk Country > Bishop Area > Sierra Eastside > California,https://www.mountainproject.com/route/114054366/unknown,2.0,-1,Boulder,V4,1,10.0,37.31858,-118.58555,1,1,2,0
204,Snake Bite,Snake Eyes Boulder > The Glass House > Buttermilk Country > Bishop Area > Sierra Eastside > California,https://www.mountainproject.com/route/114054454/snake-bite,2.0,-1,Boulder,V4,1,,37.31538,-118.5724,1,1,1,0
205,Cracked Arete,Cracked Boulder > Heaven > Buttermilk Country > Bishop Area > Sierra Eastside > California,https://www.mountainproject.com/route/114054628/cracked-arete,3.0,-1,"Boulder, Alpine",V4 PG13,1,,37.2863,-118.65008,1,1,0,0
206,Burger Barn Boogie,Rowell Rock > Buttermilk Stem Area > Buttermilks Main > Buttermilk Country > Bishop Area > Sierra Eastside > California,https://www.mountainproject.com/route/116182012/burger-barn-boogie,2.0,-1,Boulder,V4+,1,25.0,37.32878,-118.57687,1,1,0,0
207,Macabre Proposition,Boneyard Area > Painted Cave Area > Buttermilk Country > Bishop Area > Sierra Eastside > California,https://www.mountainproject.com/route/111715447/macabre-proposition,2.0,-1,Boulder,V4+ PG13,1,15.0,37.32143,-118.58055,1,1,0,0
208,Checkerboard Crack,The Checkerboard Boulder > Checkerboard Area > Buttermilk Country > Bishop Area > Sierra Eastside > California,https://www.mountainproject.com/route/106705993/checkerboard-crack,1.8,-1,Boulder,V5,1,14.0,37.32544,-118.58067,4,4,1,6
209,Knight,The Knight Boulder > Checkerboard Area > Buttermilk Country > Bishop Area > Sierra Eastside > California,https://www.mountainproject.com/route/111729996/knight,2.0,-1,Boulder,V5,1,15.0,37.32544,-118.57988,1,1,2,0
210,The Beekeeper's Apprentice,Beekeeper Boulder > Pollen Grains / Lidija Boulders > Buttermilk Country > Bishop Area > Sierra Eastside > California,https://www.mountainproject.com/route/108473024/the-beekeepers-apprentice,3.1,-1,Boulder,V5,1,25.0,37.3383,-118.5721,7,3,20,7
211,Suspended in Silence,Lidija / Pollen Grain Boulder > Pollen Grains / Lidija Boulders > Buttermilk Country > Bishop Area > Sierra Eastside > California,https://www.mountainproject.com/route/106645675/suspended-in-silence,3.8,-1,Boulder,V5 R,1,40.0,37.3377,-118.5701,61,26,104,57
212,Gazelle,Lidija / Pollen Grain Boulder > Pollen Grains / Lidija Boulders > Buttermilk Country > Bishop Area > Sierra Eastside > California,https://www.mountainproject.com/route/112432529/gazelle,2.3,-1,Boulder,V5,1,15.0,37.3377,-118.5701,7,1,3,9
213,Christine Keeler,Honey Boulder > Pollen Grains / Lidija Boulders > Buttermilk Country > Bishop Area > Sierra Eastside > California,https://www.mountainproject.com/route/108700855/christine-keeler,1.3,-1,Boulder,V5,1,,37.336999999999996,-118.5702,4,1,1,4
214,Go Granny Go,Grandma Peabody Boulder > Peabody Boulders > Buttermilks Main > Buttermilk Country > Bishop Area > Sierra Eastside > California,https://www.mountainproject.com/route/105879221/go-granny-go,2.9,-1,Boulder,V5,1,15.0,37.32837,-118.57479,128,47,172,172
215,Go Granny Go  Right Finish (V5),Grandma Peabody Boulder > Peabody Boulders > Buttermilks Main > Buttermilk Country > Bishop Area > Sierra Eastside > California,https://www.mountainproject.com/route/106662650/go-granny-go-right-finish-v5,3.0,-1,Boulder,V5,1,10.0,37.32837,-118.57479,56,16,62,79
216,Transporter Room,Grandpa Peabody Boulder > Peabody Boulders > Buttermilks Main > Buttermilk Country > Bishop Area > Sierra Eastside > California,https://www.mountainproject.com/route/107956650/transporter-room,2.7,-1,Boulder,5.12c V5 X,1,45.0,37.32817,-118.57477,3,1,3,2
217,The Knobs,Drifter/Smoking Boulder > Buttermilks Main > Buttermilk Country > Bishop Area > Sierra Eastside > California,https://www.mountainproject.com/route/107552546/the-knobs,2.9,-1,Boulder,V5,1,,37.32888,-118.57484,18,8,26,17
218,Devoted Traverse,Mandala/Pope's Prow Boulder > Buttermilks Main > Buttermilk Country > Bishop Area > Sierra Eastside > California,https://www.mountainproject.com/route/109903545/devoted-traverse,2.7,-1,Boulder,V5,1,,37.32909,-118.57491999999999,48,21,35,62
219,Lactose Intolerant,Cave Boulder > Cave Area > Buttermilks Main > Buttermilk Country > Bishop Area > Sierra Eastside > California,https://www.mountainproject.com/route/106070967/lactose-intolerant,3.2,-1,Boulder,V5,1,,37.32863,-118.57633999999999,5,2,35,2
220,"Gleaming the Cube, High Start",Cave Boulder > Cave Area > Buttermilks Main > Buttermilk Country > Bishop Area > Sierra Eastside > California,https://www.mountainproject.com/route/108512652/gleaming-the-cube-high-start,2.6,-1,Boulder,V5,1,15.0,37.32863,-118.57633999999999,15,8,10,30
221,Pain Grain (Stand),Cave Boulder > Cave Area > Buttermilks Main > Buttermilk Country > Bishop Area > Sierra Eastside > California,https://www.mountainproject.com/route/114007601/pain-grain-stand,3.3,-1,Boulder,V5,1,12.0,37.32863,-118.57633999999999,9,3,25,14
222,2D,Cave Boulder > Cave Area > Buttermilks Main > Buttermilk Country > Bishop Area > Sierra Eastside > California,https://www.mountainproject.com/route/114025039/2d,2.0,-1,Boulder,V5,1,15.0,37.32863,-118.57633999999999,1,1,0,1
223,Marsha's Scoop (AKA Marsha's Nipple),Scoop Boulder > Roadside Area > Buttermilks Main > Buttermilk Country > Bishop Area > Sierra Eastside > California,https://www.mountainproject.com/route/107916151/marshas-scoop-aka-marshas-nipple,3.5,-1,Boulder,V5,1,10.0,37.3282,-118.5762,2,1,8,2
224,Gutter Ball,Bowling Pin Boulder > Buttermilks Main > Buttermilk Country > Bishop Area > Sierra Eastside > California,https://www.mountainproject.com/route/115681956/gutter-ball,2.0,-1,Boulder,V5,1,20.0,37.32959,-118.5772,1,1,0,0
225,Easy Grit,Hero  Roof Boulder > Iron Man Area > Buttermilks Main > Buttermilk Country > Bishop Area > Sierra Eastside > California,https://www.mountainproject.com/route/106127021/easy-grit,2.3,-1,Boulder,V5,1,,37.33,-118.5782,10,3,13,9
226,Rail Problem,Ranger Rock > Buttermilks Main > Buttermilk Country > Bishop Area > Sierra Eastside > California,https://www.mountainproject.com/route/105936809/rail-problem,2.5,-1,Boulder,V5,1,,37.329640000000005,-118.57869,15,9,9,21
227,Problem B,Ranger Rock > Buttermilks Main > Buttermilk Country > Bishop Area > Sierra Eastside > California,https://www.mountainproject.com/route/106060902/problem-b,2.6,-1,Boulder,V5,1,,37.329640000000005,-118.57869,7,4,4,7
228,Flyboy Arete,Stained Glass/Flyboy Area > Buttermilks Main > Buttermilk Country > Bishop Area > Sierra Eastside > California,https://www.mountainproject.com/route/106070944/flyboy-arete,3.1,-1,Boulder,V5,1,,37.33057,-118.57834,136,41,174,216
229,Tut Crack Left,Tut Boulder > Buttermilks Main > Buttermilk Country > Bishop Area > Sierra Eastside > California,https://www.mountainproject.com/route/107327240/tut-crack-left,2.0,-1,Boulder,V5,1,,37.329,-118.5773,3,2,2,3
230,Black Dot,Buttermilk Stem Boulder > Buttermilk Stem Area > Buttermilks Main > Buttermilk Country > Bishop Area > Sierra Eastside > California,https://www.mountainproject.com/route/109840303/black-dot,3.0,-1,Boulder,V5,1,,37.32906,-118.5768,7,2,16,5
231,Leary/Bard Arete,Corner Boulders > Buttermilks Main > Buttermilk Country > Bishop Area > Sierra Eastside > California,https://www.mountainproject.com/route/106351951/learybard-arete,3.8,-1,Boulder,V5,1,18.0,37.32909,-118.57791,73,15,103,98
232,Leary-Bard Left,Corner Boulders > Buttermilks Main > Buttermilk Country > Bishop Area > Sierra Eastside > California,https://www.mountainproject.com/route/108000535/leary-bard-left,3.3,-1,Boulder,V5,1,15.0,37.32909,-118.57791,10,4,10,8
233,Early Exit,Upside Boulder > Buttermilks Main > Buttermilk Country > Bishop Area > Sierra Eastside > California,https://www.mountainproject.com/route/106916326/early-exit,3.7,-1,Boulder,V5,1,15.0,37.3276,-118.5757,3,2,21,3
234,Bachar Problem Right/ Golden Boy,Bachar Boulder > Buttermilks Main > Buttermilk Country > Bishop Area > Sierra Eastside > California,https://www.mountainproject.com/route/106965066/bachar-problem-right-golden-boy,2.7,-1,Boulder,V5,1,15.0,37.32889,-118.57441000000001,24,10,10,26
235,Perfectly Chicken,Buttocks/Smooth Shrimp Boulder > Buttermilks Main > Buttermilk Country > Bishop Area > Sierra Eastside > California,https://www.mountainproject.com/route/107490602/perfectly-chicken,2.5,-1,Boulder,V5,1,,37.329229999999995,-118.57528,77,32,67,130
236,Xenolith Dyno-soar,Form Destroyer Roof Boulder > Beehive Area > Buttermilk Country > Bishop Area > Sierra Eastside > California,https://www.mountainproject.com/route/111711826/xenolith-dyno-soar,2.0,-1,Boulder,V5,1,12.0,37.336729999999996,-118.57571999999999,1,1,0,0
237,Eric's Dyno,Solitaire Boulder > Buttermilk Country > Bishop Area > Sierra Eastside > California,https://www.mountainproject.com/route/111686451/erics-dyno,2.3,-1,Boulder,V5,1,,37.32013,-118.57948999999999,3,2,7,2
238,Pig Pen,Charlie Brown Boulders > Painted Cave Area > Buttermilk Country > Bishop Area > Sierra Eastside > California,https://www.mountainproject.com/route/111712325/pig-pen,2.0,-1,Boulder,V5,1,12.0,37.322829999999996,-118.57926,2,2,0,1
239,The McNugget,The McNugget > Bardini Boulders > Buttermilk Country > Bishop Area > Sierra Eastside > California,https://www.mountainproject.com/route/114054755/the-mcnugget,2.0,-1,Boulder,V5,1,,37.31858,-118.58555,1,1,1,0
240,The Glass Face,The Glass House > The Glass House > Buttermilk Country > Bishop Area > Sierra Eastside > California,https://www.mountainproject.com/route/114054440/the-glass-face,3.0,-1,Boulder,V5 R,1,20.0,37.31538,-118.5724,1,1,6,0
241,The Mustache Ride,The Mustache Ride > Heaven > Buttermilk Country > Bishop Area > Sierra Eastside > California,https://www.mountainproject.com/route/114054530/the-mustache-ride,2.0,-1,"Boulder, Alpine",V5,1,,37.286190000000005,-118.65069,1,1,2,0
242,Tang,Tang > Heaven > Buttermilk Country > Bishop Area > Sierra Eastside > California,https://www.mountainproject.com/route/114054684/tang,3.0,-1,"Boulder, Alpine",V5 PG13,1,,37.28499,-118.65077,1,1,0,0
243,Lubricated Baby Boomers,The Sexy Bloc > Buttermilk Country > Bishop Area > Sierra Eastside > California,https://www.mountainproject.com/route/115394099/lubricated-baby-boomers,3.0,-1,Boulder,V5,1,14.0,37.33501,-118.55503,2,1,6,2
244,Bachar Problem Left,Bachar Boulder > Buttermilks Main > Buttermilk Country > Bishop Area > Sierra Eastside > California,https://www.mountainproject.com/route/106965059/bachar-problem-left,3.0,-1,Boulder,V5+,1,15.0,37.32889,-118.57441000000001,21,10,18,19
245,The Golden Rule,Luminance Block > Beehive Area > Buttermilk Country > Bishop Area > Sierra Eastside > California,https://www.mountainproject.com/route/114260637/the-golden-rule,2.0,-1,Boulder,V5+ X,1,34.0,37.33559,-118.57678999999999,1,1,1,0
246,Shelter from the Storm,Cave Boulder > Cave Area > Buttermilks Main > Buttermilk Country > Bishop Area > Sierra Eastside > California,https://www.mountainproject.com/route/106501926/shelter-from-the-storm,2.4,-1,Boulder,V6-,1,,37.32863,-118.57633999999999,27,17,15,30
247,Bowling Pin Sit,Bowling Pin Boulder > Buttermilks Main > Buttermilk Country > Bishop Area > Sierra Eastside > California,https://www.mountainproject.com/route/107419834/bowling-pin-sit,3.4,-1,Boulder,V6-,1,15.0,37.32959,-118.5772,86,41,99,114
248,Howard Carter SDS,Tut Boulder > Buttermilks Main > Buttermilk Country > Bishop Area > Sierra Eastside > California,https://www.mountainproject.com/route/106137389/howard-carter-sds,2.3,-1,Boulder,V6-,1,15.0,37.329,-118.5773,24,9,9,33
249,Secrets of the Beehive,Secrets of the Beehive Boulder > Secrets of the Beehive Area > Beehive Area > Buttermilk Country > Bishop Area > Sierra Eastside > California,https://www.mountainproject.com/route/106616292/secrets-of-the-beehive,3.9,-1,Boulder,V6- R,1,25.0,37.337109999999996,-118.5759,11,9,35,7
250,Seven Spanish Angels (aka The Ruckus),Get Carter Boulder > Buttermilk Country > Bishop Area > Sierra Eastside > California,https://www.mountainproject.com/route/106070976/seven-spanish-angels-aka-the-ruckus,3.9,-1,Boulder,V6,1,14.0,37.3388,-118.5776,170,63,511,231
251,Kings and Castles,Chess Boulder > Checkerboard Area > Buttermilk Country > Bishop Area > Sierra Eastside > California,https://www.mountainproject.com/route/111744241/kings-and-castles,2.5,-1,Boulder,V6,1,10.0,37.32547,-118.57996999999999,2,2,0,1
252,The Beekeeper,Beekeeper Boulder > Pollen Grains / Lidija Boulders > Buttermilk Country > Bishop Area > Sierra Eastside > California,https://www.mountainproject.com/route/106408175/the-beekeeper,3.8,-1,Boulder,V6 R,1,40.0,37.3383,-118.5721,11,7,27,10
253,Drone Militia,Lidija / Pollen Grain Boulder > Pollen Grains / Lidija Boulders > Buttermilk Country > Bishop Area > Sierra Eastside > California,https://www.mountainproject.com/route/106656303/drone-militia,3.8,-1,Boulder,V6,1,30.0,37.3377,-118.5701,26,13,54,23
254,Problem C,Birthday Boulders > Buttermilks Main > Buttermilk Country > Bishop Area > Sierra Eastside > California,https://www.mountainproject.com/route/110416001/problem-c,2.0,-1,Boulder,V6,1,12.0,37.330040000000004,-118.57901000000001,1,1,1,0
255,problem D,Birthday Boulders > Buttermilks Main > Buttermilk Country > Bishop Area > Sierra Eastside > California,https://www.mountainproject.com/route/110416010/problem-d,2.0,-1,Boulder,V6,1,,37.330040000000004,-118.57901000000001,1,1,0,0
256,Bard Route,Birthday Boulders > Buttermilks Main > Buttermilk Country > Bishop Area > Sierra Eastside > California,https://www.mountainproject.com/route/116066884/bard-route,3.0,-1,Boulder,V6,1,12.0,37.330040000000004,-118.57901000000001,1,1,2,1
257,Change of Heart,Drifter/Smoking Boulder > Buttermilks Main > Buttermilk Country > Bishop Area > Sierra Eastside > California,https://www.mountainproject.com/route/106352593/change-of-heart,3.6,-1,Boulder,V6,1,35.0,37.32888,-118.57484,39,20,100,37
258,Pope's Prow,Mandala/Pope's Prow Boulder > Buttermilks Main > Buttermilk Country > Bishop Area > Sierra Eastside > California,https://www.mountainproject.com/route/105908245/popes-prow,3.9,-1,Boulder,V6,1,15.0,37.32909,-118.57491999999999,42,14,167,62
259,Cave Route,Cave Boulder > Cave Area > Buttermilks Main > Buttermilk Country > Bishop Area > Sierra Eastside > California,https://www.mountainproject.com/route/105936116/cave-route,2.8,-1,Boulder,V6,1,,37.32863,-118.57633999999999,82,33,93,124
260,Green Wall Center,Green Wall Boulder > Buttermilks Main > Buttermilk Country > Bishop Area > Sierra Eastside > California,https://www.mountainproject.com/route/106375359/green-wall-center,3.4,-1,Boulder,V6,1,18.0,37.32873,-118.57534,100,40,211,179
261,Iron Cross / Iron Circle,Iron Man Boulder > Iron Man Area > Buttermilks Main > Buttermilk Country > Bishop Area > Sierra Eastside > California,https://www.mountainproject.com/route/111809663/iron-cross-iron-circle,2.5,-1,Boulder,V6,1,,37.330009999999994,-118.57811000000001,2,2,9,2
262,"Rib, No Rib SDS",Hero  Roof Boulder > Iron Man Area > Buttermilks Main > Buttermilk Country > Bishop Area > Sierra Eastside > California,https://www.mountainproject.com/route/114039712/rib-no-rib-sds,2.5,-1,Boulder,V6,1,12.0,37.33,-118.5782,2,2,0,2
263,Saigon,Saigon Boulder > Buttermilks Main > Buttermilk Country > Bishop Area > Sierra Eastside > California,https://www.mountainproject.com/route/106022301/saigon,3.9,-1,Boulder,V6,1,22.0,37.329440000000005,-118.57548,82,41,294,102
264,Flyboy,Stained Glass/Flyboy Area > Buttermilks Main > Buttermilk Country > Bishop Area > Sierra Eastside > California,https://www.mountainproject.com/route/106050280/flyboy,3.1,-1,Boulder,V6,1,18.0,37.33057,-118.57834,20,11,128,22
265,Almost,Stained Glass/Flyboy Area > Buttermilks Main > Buttermilk Country > Bishop Area > Sierra Eastside > California,https://www.mountainproject.com/route/114170601/almost,2.0,-1,Boulder,V6 PG13,1,12.0,37.33057,-118.57834,3,3,1,1
266,Milk the Milks,Tut Boulder > Buttermilks Main > Buttermilk Country > Bishop Area > Sierra Eastside > California,https://www.mountainproject.com/route/106322554/milk-the-milks,2.8,-1,Boulder,V6,1,15.0,37.329,-118.5773,67,29,56,101
267,Matt's Project,Buttermilk Stem Boulder > Buttermilk Stem Area > Buttermilks Main > Buttermilk Country > Bishop Area > Sierra Eastside > California,https://www.mountainproject.com/route/111513555/matts-project,2.5,-1,Boulder,V6,1,,37.32906,-118.5768,2,1,6,2
268,Unnamed Sloper to Lip,Corner Boulders > Buttermilks Main > Buttermilk Country > Bishop Area > Sierra Eastside > California,https://www.mountainproject.com/route/106352801/unnamed-sloper-to-lip,2.8,-1,Boulder,V6,1,15.0,37.32909,-118.57791,5,2,2,4
269,Popes Roof,Pope's Hat > Buttermilks Main > Buttermilk Country > Bishop Area > Sierra Eastside > California,https://www.mountainproject.com/route/107043969/popes-roof,3.1,-1,"Trad, Boulder",V6,1,,37.33013,-118.5785,11,7,16,9
270,Smooth Shrimp,Buttocks/Smooth Shrimp Boulder > Buttermilks Main > Buttermilk Country > Bishop Area > Sierra Eastside > California,https://www.mountainproject.com/route/108002630/smooth-shrimp,2.8,-1,Boulder,V6,1,,37.329229999999995,-118.57528,64,33,84,134
271,Cosmonaut,Lower Smoking Boulder > Buttermilks Main > Buttermilk Country > Bishop Area > Sierra Eastside > California,https://www.mountainproject.com/route/107347397/cosmonaut,2.3,-1,Boulder,V6,1,20.0,37.32881,-118.57468999999999,4,2,4,3
272,Backside Mantel,Sharma Traverse Boulder > Buttermilks Main > Buttermilk Country > Bishop Area > Sierra Eastside > California,https://www.mountainproject.com/route/110067698/backside-mantel,-1.0,-1,Boulder,V6,1,13.0,37.32954,-118.57498000000001,0,1,1,0
273,Girls of Whiskey Creek,Girls of Whiskey Creek Boulder > Hueco Wall Area > Dale's Camp > Buttermilk Country > Bishop Area > Sierra Eastside > California,https://www.mountainproject.com/route/111513681/girls-of-whiskey-creek,2.5,-1,Boulder,V6,1,,37.31879,-118.5756,2,2,2,3
274,Approaching Silence,Hall of Mirrors > Buttermilk Country > Bishop Area > Sierra Eastside > California,https://www.mountainproject.com/route/107481967/approaching-silence,4.0,-1,Boulder,V6,1,14.0,37.31237,-118.57958,3,3,25,0
275,Sylvia Plath,Hall of Mirrors > Buttermilk Country > Bishop Area > Sierra Eastside > California,https://www.mountainproject.com/route/107481986/sylvia-plath,3.0,-1,Boulder,V6,1,,37.31237,-118.57958,1,1,5,0
276,Evil Empire,Solitaire Boulder > Buttermilk Country > Bishop Area > Sierra Eastside > California,https://www.mountainproject.com/route/111712021/evil-empire,2.0,-1,Boulder,V6,1,15.0,37.32013,-118.57948999999999,1,1,2,0
277,Painted Cave,Painted Cave Boulder > Painted Cave Area > Buttermilk Country > Bishop Area > Sierra Eastside > California,https://www.mountainproject.com/route/111712395/painted-cave,3.8,-1,Boulder,V6,1,15.0,37.323170000000005,-118.57981000000001,8,2,37,5
278,Slashface of the Buttermilks,Painted Cave Boulder > Painted Cave Area > Buttermilk Country > Bishop Area > Sierra Eastside > California,https://www.mountainproject.com/route/111715290/slashface-of-the-buttermilks,2.8,-1,Boulder,V6,1,15.0,37.323170000000005,-118.57981000000001,5,3,3,4
279,Unnamed,Xen Boulder > Painted Cave Area > Buttermilk Country > Bishop Area > Sierra Eastside > California,https://www.mountainproject.com/route/111728233/unnamed,1.0,-1,Boulder,V6,1,15.0,37.32287,-118.5802,1,1,0,0
280,Snake Oil,Lidija / Pollen Grain Boulder > Pollen Grains / Lidija Boulders > Buttermilk Country > Bishop Area > Sierra Eastside > California,https://www.mountainproject.com/route/114032729/snake-oil,2.4,-1,Boulder,V6-7,1,24.0,37.3377,-118.5701,5,1,1,3
281,Dishy Grit,Hero  Roof Boulder > Iron Man Area > Buttermilks Main > Buttermilk Country > Bishop Area > Sierra Eastside > California,https://www.mountainproject.com/route/114039836/dishy-grit,2.3,-1,Boulder,V6-7,1,16.0,37.33,-118.5782,3,2,0,2
282,Swiss Legends,Swiss Roof Boulder > Hueco Wall Area > Dale's Camp > Buttermilk Country > Bishop Area > Sierra Eastside > California,https://www.mountainproject.com/route/111728336/swiss-legends,3.0,-1,Boulder,V6-7 PG13,1,10.0,37.3184,-118.57521000000001,1,1,0,0
283,Walk Like an Egyptian,Tut Boulder > Buttermilks Main > Buttermilk Country > Bishop Area > Sierra Eastside > California,https://www.mountainproject.com/route/114066938/walk-like-an-egyptian,2.0,-1,Boulder,V7-,1,14.0,37.329,-118.5773,3,3,2,2
284,Get Carter,Get Carter Boulder > Buttermilk Country > Bishop Area > Sierra Eastside > California,https://www.mountainproject.com/route/106070980/get-carter,3.1,-1,Boulder,V7,1,15.0,37.3388,-118.5776,19,9,38,17
285,Unnamed,Get Carter Boulder > Buttermilk Country > Bishop Area > Sierra Eastside > California,https://www.mountainproject.com/route/106132731/unnamed,3.8,-1,Boulder,V7,1,,37.3388,-118.5776,4,2,5,1
286,Colin Goes Mental,Edge of Reason Boulder > Checkerboard Area > Buttermilk Country > Bishop Area > Sierra Eastside > California,https://www.mountainproject.com/route/111735874/colin-goes-mental,2.5,-1,Boulder,V7,1,20.0,37.32508,-118.58025,2,1,1,1
287,Mesothelioma,Beekeeper Boulder > Pollen Grains / Lidija Boulders > Buttermilk Country > Bishop Area > Sierra Eastside > California,https://www.mountainproject.com/route/106628879/mesothelioma,3.7,-1,Boulder,V7 R,1,25.0,37.3383,-118.5721,3,2,11,2
288,Lidija's Mouth Direct,Lidija / Pollen Grain Boulder > Pollen Grains / Lidija Boulders > Buttermilk Country > Bishop Area > Sierra Eastside > California,https://www.mountainproject.com/route/109979403/lidijas-mouth-direct,2.0,-1,Boulder,V7,1,14.0,37.3377,-118.5701,2,1,3,2
289,Cindy Swank,Honey Boulder > Pollen Grains / Lidija Boulders > Buttermilk Country > Bishop Area > Sierra Eastside > California,https://www.mountainproject.com/route/108700731/cindy-swank,3.0,-1,Boulder,V7,1,,37.336999999999996,-118.5702,30,18,40,45
290,The Ninth,The Ninth Boulder > Pollen Grains / Lidija Boulders > Buttermilk Country > Bishop Area > Sierra Eastside > California,https://www.mountainproject.com/route/109995560/the-ninth,4.0,-1,Boulder,V7 PG13,1,20.0,37.3382,-118.571,1,1,15,1
291,Go Granny Ho,Grandma Peabody Boulder > Peabody Boulders > Buttermilks Main > Buttermilk Country > Bishop Area > Sierra Eastside > California,https://www.mountainproject.com/route/107551458/go-granny-ho,2.6,-1,Boulder,V7,1,10.0,37.32837,-118.57479,32,10,26,40
292,High Plains Drifter,Drifter/Smoking Boulder > Buttermilks Main > Buttermilk Country > Bishop Area > Sierra Eastside > California,https://www.mountainproject.com/route/105908128/high-plains-drifter,3.9,-1,Boulder,V7,1,35.0,37.32888,-118.57484,179,79,408,232
293,Pain Grain SDS,Cave Boulder > Cave Area > Buttermilks Main > Buttermilk Country > Bishop Area > Sierra Eastside > California,https://www.mountainproject.com/route/107051296/pain-grain-sds,3.3,-1,Boulder,V7,1,15.0,37.32863,-118.57633999999999,30,8,60,56
294,Iron Monkey,Iron Man Boulder > Iron Man Area > Buttermilks Main > Buttermilk Country > Bishop Area > Sierra Eastside > California,https://www.mountainproject.com/route/107370896/iron-monkey,2.5,-1,Boulder,V7,1,20.0,37.330009999999994,-118.57811000000001,4,1,8,4
295,Magnetic Attractions,Iron Man Boulder > Iron Man Area > Buttermilks Main > Buttermilk Country > Bishop Area > Sierra Eastside > California,https://www.mountainproject.com/route/114039685/magnetic-attractions,1.0,-1,Boulder,V7,1,8.0,37.330009999999994,-118.57811000000001,2,2,1,1
296,Just Grit,Hero  Roof Boulder > Iron Man Area > Buttermilks Main > Buttermilk Country > Bishop Area > Sierra Eastside > California,https://www.mountainproject.com/route/114039791/just-grit,2.0,-1,Boulder,V7,1,12.0,37.33,-118.5782,2,1,1,1
297,Yayoi Right,Fit Homeless Boulder > Buttermilks Main > Buttermilk Country > Bishop Area > Sierra Eastside > California,https://www.mountainproject.com/route/106130751/yayoi-right,3.1,-1,Boulder,V7,1,17.0,37.32895,-118.57595,13,6,11,13
298,Cheezy Brit Sit Start,Buttermilk Stem Boulder > Buttermilk Stem Area > Buttermilks Main > Buttermilk Country > Bishop Area > Sierra Eastside > California,https://www.mountainproject.com/route/114025098/cheezy-brit-sit-start,3.0,-1,Boulder,V7,1,17.0,37.32906,-118.5768,1,1,3,1
299,Ken's Problem,Corner Boulders > Buttermilks Main > Buttermilk Country > Bishop Area > Sierra Eastside > California,https://www.mountainproject.com/route/114066844/kens-problem,2.0,-1,Boulder,V7,1,18.0,37.32909,-118.57791,1,1,0,0
300,Unnamed v7,Lower Smoking Boulder > Buttermilks Main > Buttermilk Country > Bishop Area > Sierra Eastside > California,https://www.mountainproject.com/route/107585946/unnamed-v7,2.2,-1,Boulder,V7,1,10.0,37.32881,-118.57468999999999,16,11,1,19
301,Pinch Arete,Pinch Boulder > Buttermilks Main > Buttermilk Country > Bishop Area > Sierra Eastside > California,https://www.mountainproject.com/route/113908015/pinch-arete,4.0,-1,Boulder,V7,1,10.0,37.32882,-118.57428,1,1,8,1
302,The Flake,Zen Flute Boulder > Dale's West > Dale's Camp > Buttermilk Country > Bishop Area > Sierra Eastside > California,https://www.mountainproject.com/route/108604974/the-flake,2.8,-1,Boulder,V7,1,12.0,37.3192,-118.5783,9,3,7,12
303,Evening Snow,Charlie Brown Boulders > Painted Cave Area > Buttermilk Country > Bishop Area > Sierra Eastside > California,https://www.mountainproject.com/route/111712347/evening-snow,2.0,-1,Boulder,V7,1,15.0,37.322829999999996,-118.57926,1,1,1,0
304,Undercling Problem,Painted Cave Boulder > Painted Cave Area > Buttermilk Country > Bishop Area > Sierra Eastside > California,https://www.mountainproject.com/route/111715315/undercling-problem,2.0,-1,Boulder,V7,1,15.0,37.323170000000005,-118.57981000000001,1,1,0,0
305,Rex Kwon Do stand,Rex Kwon Do Boulder > Bardini Boulders > Buttermilk Country > Bishop Area > Sierra Eastside > California,https://www.mountainproject.com/route/114054377/rex-kwon-do-stand,3.5,-1,Boulder,V7,1,,37.317890000000006,-118.58488,2,2,10,1
306,Junior's Achievement,Rowell Rock > Buttermilk Stem Area > Buttermilks Main > Buttermilk Country > Bishop Area > Sierra Eastside > California,https://www.mountainproject.com/route/107919156/juniors-achievement,3.1,-1,Boulder,V7+,1,18.0,37.32878,-118.57687,28,17,61,29
307,Checkerboard,The Checkerboard Boulder > Checkerboard Area > Buttermilk Country > Bishop Area > Sierra Eastside > California,https://www.mountainproject.com/route/106129151/checkerboard,4.0,-1,Boulder,V7-8,1,20.0,37.32544,-118.58067,47,26,165,54
308,Change of Knobs,Drifter/Smoking Boulder > Buttermilks Main > Buttermilk Country > Bishop Area > Sierra Eastside > California,https://www.mountainproject.com/route/114066872/change-of-knobs,2.3,-1,Boulder,V7-8,1,25.0,37.32888,-118.57484,3,2,3,2
309,Gleaming the Cube,Cave Boulder > Cave Area > Buttermilks Main > Buttermilk Country > Bishop Area > Sierra Eastside > California,https://www.mountainproject.com/route/106129141/gleaming-the-cube,2.2,-1,Boulder,V8-,1,,37.32863,-118.57633999999999,25,13,14,32
310,Soul Slinger Right,Soul Slinger Boulder > Cave Area > Buttermilks Main > Buttermilk Country > Bishop Area > Sierra Eastside > California,https://www.mountainproject.com/route/107032733/soul-slinger-right,2.8,-1,Boulder,V8-,1,15.0,37.32868,-118.57635,19,8,9,20
311,Flyboy SDS,Stained Glass/Flyboy Area > Buttermilks Main > Buttermilk Country > Bishop Area > Sierra Eastside > California,https://www.mountainproject.com/route/106070940/flyboy-sds,3.8,-1,Boulder,V8-,1,,37.33057,-118.57834,57,34,139,59
312,Xavier's Roof,Xav's Roof Boulder > Hueco Wall Area > Dale's Camp > Buttermilk Country > Bishop Area > Sierra Eastside > California,https://www.mountainproject.com/route/108604948/xaviers-roof,3.9,-1,Boulder,V8-,1,25.0,37.31814,-118.57567,7,3,44,7
313,Checkerboard Direct,The Checkerboard Boulder > Checkerboard Area > Buttermilk Country > Bishop Area > Sierra Eastside > California,https://www.mountainproject.com/route/111730089/checkerboard-direct,1.0,-1,Boulder,V8 R,1,21.0,37.32544,-118.58067,1,1,2,0
314,Freeze All Cylinders,Edge of Reason Boulder > Checkerboard Area > Buttermilk Country > Bishop Area > Sierra Eastside > California,https://www.mountainproject.com/route/111726462/freeze-all-cylinders,2.8,-1,Boulder,V8,1,20.0,37.32508,-118.58025,4,3,3,5
315,Magnetic North,Grandma Peabody Boulder > Peabody Boulders > Buttermilks Main > Buttermilk Country > Bishop Area > Sierra Eastside > California,https://www.mountainproject.com/route/108019305/magnetic-north,4.0,-1,Boulder,V8,1,35.0,37.32837,-118.57479,6,3,54,8
316,Devoted,Mandala/Pope's Prow Boulder > Buttermilks Main > Buttermilk Country > Bishop Area > Sierra Eastside > California,https://www.mountainproject.com/route/112541564/devoted,2.0,-1,Boulder,V8,1,,37.32909,-118.57491999999999,2,1,4,3
317,Ten Pin Trial,Bowling Pin Boulder > Buttermilks Main > Buttermilk Country > Bishop Area > Sierra Eastside > California,https://www.mountainproject.com/route/111784838/ten-pin-trial,2.9,-1,Boulder,V8,1,20.0,37.32959,-118.5772,7,3,17,8
318,Iron Fly,Iron Man Boulder > Iron Man Area > Buttermilks Main > Buttermilk Country > Bishop Area > Sierra Eastside > California,https://www.mountainproject.com/route/106384926/iron-fly,2.6,-1,Boulder,V8,1,10.0,37.330009999999994,-118.57811000000001,17,8,15,20
319,Hard Grit,Hero  Roof Boulder > Iron Man Area > Buttermilks Main > Buttermilk Country > Bishop Area > Sierra Eastside > California,https://www.mountainproject.com/route/106127038/hard-grit,2.5,-1,Boulder,V8,1,,37.33,-118.5782,4,1,6,2
320,Just Dishy,Hero  Roof Boulder > Iron Man Area > Buttermilks Main > Buttermilk Country > Bishop Area > Sierra Eastside > California,https://www.mountainproject.com/route/114039853/just-dishy,2.0,-1,Boulder,V8,1,16.0,37.33,-118.5782,2,1,0,1
321,Saigon Direct,Saigon Boulder > Buttermilks Main > Buttermilk Country > Bishop Area > Sierra Eastside > California,https://www.mountainproject.com/route/107954191/saigon-direct,3.4,-1,Boulder,V8,1,25.0,37.329440000000005,-118.57548,11,4,34,15
322,Lululator Low Start,Tut Boulder > Buttermilks Main > Buttermilk Country > Bishop Area > Sierra Eastside > California,https://www.mountainproject.com/route/111809642/lululator-low-start,2.6,-1,Boulder,V8,1,,37.329,-118.5773,7,6,4,5
323,Tenterhooks,Fit Homeless Boulder > Buttermilks Main > Buttermilk Country > Bishop Area > Sierra Eastside > California,https://www.mountainproject.com/route/106070964/tenterhooks,2.0,-1,Boulder,V8,1,10.0,37.32895,-118.57595,2,1,0,1
324,Yayoi,Fit Homeless Boulder > Buttermilks Main > Buttermilk Country > Bishop Area > Sierra Eastside > California,https://www.mountainproject.com/route/106130747/yayoi,2.0,-1,Boulder,V8,1,15.0,37.32895,-118.57595,1,1,3,0
325,Brian's Project,Buttermilk Stem Boulder > Buttermilk Stem Area > Buttermilks Main > Buttermilk Country > Bishop Area > Sierra Eastside > California,https://www.mountainproject.com/route/107051281/brians-project,2.9,-1,Boulder,V8,1,18.0,37.32906,-118.5768,18,9,25,23
326,Brian's Direct,Buttermilk Stem Boulder > Buttermilk Stem Area > Buttermilks Main > Buttermilk Country > Bishop Area > Sierra Eastside > California,https://www.mountainproject.com/route/114032557/brians-direct,2.3,-1,Boulder,V8,1,17.0,37.32906,-118.5768,4,2,0,4
327,Upside,Upside Boulder > Buttermilks Main > Buttermilk Country > Bishop Area > Sierra Eastside > California,https://www.mountainproject.com/route/109826087/upside,4.0,-1,Boulder,V8,1,15.0,37.3276,-118.5757,1,1,28,2
328,Sharma Scoop,Bachar Boulder > Buttermilks Main > Buttermilk Country > Bishop Area > Sierra Eastside > California,https://www.mountainproject.com/route/106965090/sharma-scoop,2.4,-1,Boulder,V8,1,12.0,37.32889,-118.57441000000001,5,3,7,5
329,Cocktail Sauce,Buttocks/Smooth Shrimp Boulder > Buttermilks Main > Buttermilk Country > Bishop Area > Sierra Eastside > California,https://www.mountainproject.com/route/108527916/cocktail-sauce,2.1,-1,Boulder,V8,1,10.0,37.329229999999995,-118.57528,33,23,21,64
330,Croft Problem,Lower Smoking Boulder > Buttermilks Main > Buttermilk Country > Bishop Area > Sierra Eastside > California,https://www.mountainproject.com/route/107484827/croft-problem,2.6,-1,Boulder,V8,1,10.0,37.32881,-118.57468999999999,17,7,15,21
331,Gastonia,Hueco Wall Boulder > Hueco Wall Area > Dale's Camp > Buttermilk Country > Bishop Area > Sierra Eastside > California,https://www.mountainproject.com/route/111513701/gastonia,3.0,-1,Boulder,V8,1,,37.31839,-118.57563,3,2,5,3
332,Flight of the Bumblebee,Brown Wall Boulder > Beehive Area > Buttermilk Country > Bishop Area > Sierra Eastside > California,https://www.mountainproject.com/route/111728148/flight-of-the-bumblebee,3.0,-1,Boulder,V8 R,1,35.0,37.33726,-118.57588,1,1,8,0
333,Northwest Arete,Luminance Block > Beehive Area > Buttermilk Country > Bishop Area > Sierra Eastside > California,https://www.mountainproject.com/route/114260782/northwest-arete,3.0,-1,Boulder,V8 R,1,23.0,37.33559,-118.57678999999999,1,1,0,0
334,Solitaire,Solitaire Boulder > Buttermilk Country > Bishop Area > Sierra Eastside > California,https://www.mountainproject.com/route/108447780/solitaire,3.7,-1,Boulder,V8,1,15.0,37.32013,-118.57948999999999,22,8,58,19
335,3D,Cave Boulder > Cave Area > Buttermilks Main > Buttermilk Country > Bishop Area > Sierra Eastside > California,https://www.mountainproject.com/route/114025005/3d,2.4,-1,Boulder,V8+,1,15.0,37.32863,-118.57633999999999,5,5,6,4
336,Moonraker,Cave Boulder > Cave Area > Buttermilks Main > Buttermilk Country > Bishop Area > Sierra Eastside > California,https://www.mountainproject.com/route/108453174/moonraker,2.7,-1,Boulder,V8-9,1,12.0,37.32863,-118.57633999999999,16,9,32,28
337,General Mills,Cave Boulder > Cave Area > Buttermilks Main > Buttermilk Country > Bishop Area > Sierra Eastside > California,https://www.mountainproject.com/route/114025059/general-mills,2.3,-1,Boulder,V8-9,1,18.0,37.32863,-118.57633999999999,7,6,1,7
338,Baby Steps to Greatness,The Sexy Bloc > Buttermilk Country > Bishop Area > Sierra Eastside > California,https://www.mountainproject.com/route/115394177/baby-steps-to-greatness,3.0,-1,Boulder,V8-9,1,25.0,37.33501,-118.55503,2,2,2,2
339,Michael Caine,Get Carter Boulder > Buttermilk Country > Bishop Area > Sierra Eastside > California,https://www.mountainproject.com/route/106070972/michael-caine,2.9,-1,Boulder,V9-,1,15.0,37.3388,-118.5776,9,4,12,8
340,Twin Cracks,Get Carter Boulder > Buttermilk Country > Bishop Area > Sierra Eastside > California,https://www.mountainproject.com/route/109646283/twin-cracks,3.1,-1,Boulder,V9,1,,37.3388,-118.5776,7,3,12,10
341,Checkerboard Right,The Checkerboard Boulder > Checkerboard Area > Buttermilk Country > Bishop Area > Sierra Eastside > California,https://www.mountainproject.com/route/111726453/checkerboard-right,2.0,-1,Boulder,V9,1,20.0,37.32544,-118.58067,1,1,4,1
342,Swanky Sit,Honey Boulder > Pollen Grains / Lidija Boulders > Buttermilk Country > Bishop Area > Sierra Eastside > California,https://www.mountainproject.com/route/108700751/swanky-sit,3.2,-1,Boulder,V9,1,,37.336999999999996,-118.5702,5,2,12,4
343,Finders Fee,Honey Boulder > Pollen Grains / Lidija Boulders > Buttermilk Country > Bishop Area > Sierra Eastside > California,https://www.mountainproject.com/route/108700842/finders-fee,3.7,-1,Boulder,V9,1,,37.336999999999996,-118.5702,10,3,30,13
344,Footprints,Grandpa Peabody Boulder > Peabody Boulders > Buttermilks Main > Buttermilk Country > Bishop Area > Sierra Eastside > California,https://www.mountainproject.com/route/109743926/footprints,3.5,-1,Boulder,V9 X,1,50.0,37.32817,-118.57477,2,2,17,2
345,Soul Slinger,Soul Slinger Boulder > Cave Area > Buttermilks Main > Buttermilk Country > Bishop Area > Sierra Eastside > California,https://www.mountainproject.com/route/105908345/soul-slinger,3.7,-1,Boulder,V9,1,14.0,37.32868,-118.57635,82,25,182,110
346,The Fall Guy,Stained Glass/Flyboy Area > Buttermilks Main > Buttermilk Country > Bishop Area > Sierra Eastside > California,https://www.mountainproject.com/route/106070948/the-fall-guy,4.0,-1,Boulder,V9 PG13,1,20.0,37.33057,-118.57834,7,4,30,8
347,America's Fit Homeless,Fit Homeless Boulder > Buttermilks Main > Buttermilk Country > Bishop Area > Sierra Eastside > California,https://www.mountainproject.com/route/106070960/americas-fit-homeless,2.0,-1,Boulder,V9,1,9.0,37.32895,-118.57595,1,1,2,0
348,Matt's Project Sit,Buttermilk Stem Boulder > Buttermilk Stem Area > Buttermilks Main > Buttermilk Country > Bishop Area > Sierra Eastside > California,https://www.mountainproject.com/route/111513568/matts-project-sit,3.0,-1,Boulder,V9,1,,37.32906,-118.5768,2,1,4,2
349,Mooned,Rowell Rock > Buttermilk Stem Area > Buttermilks Main > Buttermilk Country > Bishop Area > Sierra Eastside > California,https://www.mountainproject.com/route/107954206/mooned,2.0,-1,Boulder,V9,1,20.0,37.32878,-118.57687,1,1,3,1
350,Grit Dreams,Corner Boulders > Buttermilks Main > Buttermilk Country > Bishop Area > Sierra Eastside > California,https://www.mountainproject.com/route/112790712/grit-dreams,2.0,-1,Boulder,V9,1,18.0,37.32909,-118.57791,1,1,1,1
351,Queen Sweet Nectar,Queen Sweet Nectar Boulder > Secrets of the Beehive Area > Beehive Area > Buttermilk Country > Bishop Area > Sierra Eastside > California,https://www.mountainproject.com/route/110129127/queen-sweet-nectar,2.7,-1,Boulder,V9,1,,37.33684,-118.57603999999999,6,4,3,6
352,Luminance,Luminance Block > Beehive Area > Buttermilk Country > Bishop Area > Sierra Eastside > California,https://www.mountainproject.com/route/111711207/luminance,4.0,-1,"TR, Boulder",V9 R,1,20.0,37.33559,-118.57678999999999,4,3,24,2
353,Rise,Luminance Block > Beehive Area > Buttermilk Country > Bishop Area > Sierra Eastside > California,https://www.mountainproject.com/route/114260568/rise,2.0,-1,Boulder,V9 X,1,40.0,37.33559,-118.57678999999999,1,1,1,0
354,Judge Not,Solitaire Boulder > Buttermilk Country > Bishop Area > Sierra Eastside > California,https://www.mountainproject.com/route/111686462/judge-not,3.4,-1,Boulder,V9 PG13,1,,37.32013,-118.57948999999999,5,3,14,3
355,This Side of Paradise,Bardini Boulder > Bardini Boulders > Buttermilk Country > Bishop Area > Sierra Eastside > California,https://www.mountainproject.com/route/114104162/this-side-of-paradise,4.0,-1,Boulder,V9,1,33.0,37.31797,-118.58542,1,1,8,0
356,One Mule Wonder,Cave Boulder > Cave Area > Buttermilks Main > Buttermilk Country > Bishop Area > Sierra Eastside > California,https://www.mountainproject.com/route/107342463/one-mule-wonder,1.3,-1,Boulder,V9-10,1,,37.32863,-118.57633999999999,7,5,7,7
357,Hueco Wall,Hueco Wall Boulder > Hueco Wall Area > Dale's Camp > Buttermilk Country > Bishop Area > Sierra Eastside > California,https://www.mountainproject.com/route/111728292/hueco-wall,3.0,-1,Boulder,V9-10 PG13,1,19.0,37.31839,-118.57563,2,2,2,1
358,King Me,The Checkerboard Boulder > Checkerboard Area > Buttermilk Country > Bishop Area > Sierra Eastside > California,https://www.mountainproject.com/route/111726445/king-me,3.0,-1,Boulder,V10,1,18.0,37.32544,-118.58067,1,1,3,0
359,Golden Shower,Beekeeper Boulder > Pollen Grains / Lidija Boulders > Buttermilk Country > Bishop Area > Sierra Eastside > California,https://www.mountainproject.com/route/106628870/golden-shower,4.0,-1,Boulder,V10 R,1,25.0,37.3383,-118.5721,1,1,11,0
360,Return Jedi,Jedi Boulder > Pollen Grains / Lidija Boulders > Buttermilk Country > Bishop Area > Sierra Eastside > California,https://www.mountainproject.com/route/112213028/return-jedi,3.0,-1,Boulder,V10 PG13,1,22.0,37.3366,-118.5703,2,1,11,2
361,Center Direct,Grandma Peabody Boulder > Peabody Boulders > Buttermilks Main > Buttermilk Country > Bishop Area > Sierra Eastside > California,https://www.mountainproject.com/route/106382046/center-direct,2.3,-1,Boulder,V10,1,12.0,37.32837,-118.57479,6,1,26,9
362,Evilution to the Lip,Grandpa Peabody Boulder > Peabody Boulders > Buttermilks Main > Buttermilk Country > Bishop Area > Sierra Eastside > California,https://www.mountainproject.com/route/114067388/evilution-to-the-lip,3.7,-1,Boulder,V10,1,18.0,37.32817,-118.57477,3,1,26,4
363,Crimps of Wrath,Cave Boulder > Cave Area > Buttermilks Main > Buttermilk Country > Bishop Area > Sierra Eastside > California,https://www.mountainproject.com/route/108461966/crimps-of-wrath,1.0,-1,Boulder,V10,1,,37.32863,-118.57633999999999,1,1,1,0
364,Little Forgotten,Cave Boulder > Cave Area > Buttermilks Main > Buttermilk Country > Bishop Area > Sierra Eastside > California,https://www.mountainproject.com/route/114032671/little-forgotten,3.3,-1,Boulder,V10,1,26.0,37.32863,-118.57633999999999,3,1,3,3
365,Stained Glass,Stained Glass/Flyboy Area > Buttermilks Main > Buttermilk Country > Bishop Area > Sierra Eastside > California,https://www.mountainproject.com/route/106050258/stained-glass,3.9,-1,Boulder,V10,1,,37.33057,-118.57834,24,6,123,13
366,Blood Spud,Stained Glass/Flyboy Area > Buttermilks Main > Buttermilk Country > Bishop Area > Sierra Eastside > California,https://www.mountainproject.com/route/106070957/blood-spud,2.0,-1,Boulder,V10,1,10.0,37.33057,-118.57834,1,1,2,0
367,Sidewinder,Rowell Rock > Buttermilk Stem Area > Buttermilks Main > Buttermilk Country > Bishop Area > Sierra Eastside > California,https://www.mountainproject.com/route/114066891/sidewinder,2.3,-1,Boulder,V10,1,25.0,37.32878,-118.57687,3,2,0,2
368,Popes hat,Pope's Hat > Buttermilks Main > Buttermilk Country > Bishop Area > Sierra Eastside > California,https://www.mountainproject.com/route/115670016/popes-hat,2.0,-1,Boulder,V10,1,,37.33013,-118.5785,2,1,1,1
369,Bubba Gump,Buttocks/Smooth Shrimp Boulder > Buttermilks Main > Buttermilk Country > Bishop Area > Sierra Eastside > California,https://www.mountainproject.com/route/107385718/bubba-gump,2.9,-1,Boulder,V10,1,10.0,37.329229999999995,-118.57528,7,3,20,9
370,Sharma Traverse,Sharma Traverse Boulder > Buttermilks Main > Buttermilk Country > Bishop Area > Sierra Eastside > California,https://www.mountainproject.com/route/110067691/sharma-traverse,3.4,-1,Boulder,V10,1,20.0,37.32954,-118.57498000000001,5,2,20,7
371,Zen Flute,Zen Flute Boulder > Dale's West > Dale's Camp > Buttermilk Country > Bishop Area > Sierra Eastside > California,https://www.mountainproject.com/route/106737771/zen-flute,3.6,-1,Boulder,V10,1,13.0,37.3192,-118.5783,12,7,40,12
372,Too Big To Flail,Luminance Block > Beehive Area > Buttermilk Country > Bishop Area > Sierra Eastside > California,https://www.mountainproject.com/route/111711154/too-big-to-flail,3.0,-1,"TR, Boulder",V10 X,1,55.0,37.33559,-118.57678999999999,1,1,14,0
373,Rex Kwon Do,Rex Kwon Do Boulder > Bardini Boulders > Buttermilk Country > Bishop Area > Sierra Eastside > California,https://www.mountainproject.com/route/114104084/rex-kwon-do,4.0,-1,Boulder,V10,1,15.0,37.317890000000006,-118.58488,2,2,4,1
374,Constellation,The Golden Boulder > Iron Man East Area > Buttermilks Main > Buttermilk Country > Bishop Area > Sierra Eastside > California,https://www.mountainproject.com/route/112384379/constellation,2.0,-1,Boulder,V10-11 PG13,1,25.0,37.32996,-118.57784,1,1,2,0
375,Thunderbird,Grandma Peabody Boulder > Peabody Boulders > Buttermilks Main > Buttermilk Country > Bishop Area > Sierra Eastside > California,https://www.mountainproject.com/route/114106239/thunderbird,2.0,-1,Boulder,V11,1,15.0,37.32837,-118.57479,1,1,3,0
376,Ambrosia,Grandpa Peabody Boulder > Peabody Boulders > Buttermilks Main > Buttermilk Country > Bishop Area > Sierra Eastside > California,https://www.mountainproject.com/route/110088205/ambrosia,4.0,-1,Boulder,V11 X,1,55.0,37.32817,-118.57477,1,1,20,2
377,La Belette,Grandpa Peabody Boulder > Peabody Boulders > Buttermilks Main > Buttermilk Country > Bishop Area > Sierra Eastside > California,https://www.mountainproject.com/route/114067527/la-belette,2.0,-1,Boulder,V11,1,12.0,37.32817,-118.57477,2,2,2,1
378,Les Trois Maunets,Drifter/Smoking Boulder > Buttermilks Main > Buttermilk Country > Bishop Area > Sierra Eastside > California,https://www.mountainproject.com/route/114145837/les-trois-maunets,2.0,-1,Boulder,V11,1,,37.32888,-118.57484,1,1,1,0
379,Butterfinger,Mandala/Pope's Prow Boulder > Buttermilks Main > Buttermilk Country > Bishop Area > Sierra Eastside > California,https://www.mountainproject.com/route/115681926/butterfinger,3.0,-1,Boulder,V11,1,30.0,37.32909,-118.57491999999999,1,1,0,0
380,Sex Kitten,The Sexy Bloc > Buttermilk Country > Bishop Area > Sierra Eastside > California,https://www.mountainproject.com/route/115394196/sex-kitten,4.0,-1,Boulder,V11,1,25.0,37.33501,-118.55503,1,1,3,1
381,Haroun & the Sea of Stories,Stained Glass/Flyboy Area > Buttermilks Main > Buttermilk Country > Bishop Area > Sierra Eastside > California,https://www.mountainproject.com/route/106070952/haroun-the-sea-of-stories,4.0,-1,Boulder,V11-12,1,20.0,37.33057,-118.57834,4,2,21,2
382,The Mandala,Mandala/Pope's Prow Boulder > Buttermilks Main > Buttermilk Country > Bishop Area > Sierra Eastside > California,https://www.mountainproject.com/route/105908186/the-mandala,3.3,-1,Boulder,V12-,1,20.0,37.32909,-118.57491999999999,4,2,37,4
383,A Scanner Darkly,Get Carter Boulder > Buttermilk Country > Bishop Area > Sierra Eastside > California,https://www.mountainproject.com/route/111684005/a-scanner-darkly,3.3,-1,Boulder,V12,1,,37.3388,-118.5776,3,1,6,1
384,Michael Caine Sit Start,Get Carter Boulder > Buttermilk Country > Bishop Area > Sierra Eastside > California,https://www.mountainproject.com/route/113891171/michael-caine-sit-start,2.0,-1,Boulder,V12,1,15.0,37.3388,-118.5776,1,1,0,1
385,Mystery,Grandma Peabody Boulder > Peabody Boulders > Buttermilks Main > Buttermilk Country > Bishop Area > Sierra Eastside > California,https://www.mountainproject.com/route/109563866/mystery,4.0,-1,Boulder,V12,1,30.0,37.32837,-118.57479,1,1,11,0
386,Baburre,Grandma Peabody Boulder > Peabody Boulders > Buttermilks Main > Buttermilk Country > Bishop Area > Sierra Eastside > California,https://www.mountainproject.com/route/114106367/baburre,2.0,-1,Boulder,V12,1,25.0,37.32837,-118.57479,1,1,1,0
387,Rastaman Vibration,Grandpa Peabody Boulder > Peabody Boulders > Buttermilks Main > Buttermilk Country > Bishop Area > Sierra Eastside > California,https://www.mountainproject.com/route/110088242/rastaman-vibration,2.5,-1,Boulder,V12,1,50.0,37.32817,-118.57477,2,1,3,0
388,Form Destroyer,Form Destroyer Roof Boulder > Beehive Area > Buttermilk Country > Bishop Area > Sierra Eastside > California,https://www.mountainproject.com/route/111711761/form-destroyer,3.0,-1,Boulder,V12,1,10.0,37.336729999999996,-118.57571999999999,1,1,7,0
389,A Maze of Death,Maze of Death Boulder > Bardini Boulders > Buttermilk Country > Bishop Area > Sierra Eastside > California,https://www.mountainproject.com/route/114104119/a-maze-of-death,4.0,-1,Boulder,V12,1,14.0,37.31926,-118.58563999999998,2,1,13,1
390,Evilution,Grandpa Peabody Boulder > Peabody Boulders > Buttermilks Main > Buttermilk Country > Bishop Area > Sierra Eastside > California,https://www.mountainproject.com/route/105908296/evilution,4.0,-1,Boulder,V12-13 R,1,55.0,37.32817,-118.57477,5,1,40,4
391,Spectre,Spectre Boulder > Pollen Grains / Lidija Boulders > Buttermilk Country > Bishop Area > Sierra Eastside > California,https://www.mountainproject.com/route/106132438/spectre,4.0,-1,Boulder,V13,1,,37.3381,-118.5712,1,1,11,0
392,Direction,Grandma Peabody Boulder > Peabody Boulders > Buttermilks Main > Buttermilk Country > Bishop Area > Sierra Eastside > California,https://www.mountainproject.com/route/115681899/direction,3.0,-1,Boulder,V13 R,1,50.0,37.32837,-118.57479,1,1,2,0
393,Buttermilker,Cave Boulder > Cave Area > Buttermilks Main > Buttermilk Country > Bishop Area > Sierra Eastside > California,https://www.mountainproject.com/route/109630293/buttermilker,4.0,-1,Boulder,V13,1,20.0,37.32863,-118.57633999999999,1,1,14,0
394,The Beautiful and Damned,Bardini Boulder > Bardini Boulders > Buttermilk Country > Bishop Area > Sierra Eastside > California,https://www.mountainproject.com/route/114104188/the-beautiful-and-damned,3.0,-1,Boulder,V13 PG13,1,35.0,37.31797,-118.58542,1,1,2,0
395,The Swarm Direct,Brown Wall Boulder > Beehive Area > Buttermilk Country > Bishop Area > Sierra Eastside > California,https://www.mountainproject.com/route/112499951/the-swarm-direct,3.0,-1,Boulder,V13-14 PG13,1,25.0,37.33726,-118.57588,1,1,3,0
396,The Swarm,Brown Wall Boulder > Beehive Area > Buttermilk Country > Bishop Area > Sierra Eastside > California,https://www.mountainproject.com/route/111726081/the-swarm,4.0,-1,Boulder,V14,1,20.0,37.33726,-118.57588,1,1,17,0
