route,location,url,avg_stars,your_stars,route_type,rating,pitches,length_,area_latitude,area_longitude,url_id,grade
The Way Down,Birthday Boulders > Buttermilks Main > Buttermilk Country > Bishop Area > Sierra Eastside > California,https://www.mountainproject.com/route/106277533/the-way-down,1.3,-1,Boulder,V-easy,1,10.0,37.330040000000004,-118.57901000000001,106277533,-1.0
East Face,Sunshine Boulder > Buttermilks Main > Buttermilk Country > Bishop Area > Sierra Eastside > California,https://www.mountainproject.com/route/107253304/east-face,1.9,-1,Boulder,V-easy,1,,37.328590000000005,-118.57516000000001,107253304,-1.0
Problem A,Roadside Boulder > Roadside Area > Buttermilks Main > Buttermilk Country > Bishop Area > Sierra Eastside > California,https://www.mountainproject.com/route/105936160/problem-a,1.7,-1,Boulder,V-easy,1,,37.3282,-118.5761,105936160,-1.0
Choke the Chicken,Chicken Head Boulder > Zeppelin Area > Dale's Camp > Buttermilk Country > Bishop Area > Sierra Eastside > California,https://www.mountainproject.com/route/116715444/choke-the-chicken,2.0,-1,Boulder,V-easy,1,15.0,37.318259999999995,-118.5744,116715444,-1.0
Unnamed VB,Fear Of A Black Planet Boulder > Small Fruit > Dale's Camp > Buttermilk Country > Bishop Area > Sierra Eastside > California,https://www.mountainproject.com/route/114241135/unnamed-vb,2.0,-1,Boulder,V-easy,1,,37.32093,-118.57408000000001,114241135,-1.0
Fear of a Black Planet,Fear Of A Black Planet Boulder > Small Fruit > Dale's Camp > Buttermilk Country > Bishop Area > Sierra Eastside > California,https://www.mountainproject.com/route/114241141/fear-of-a-black-planet,2.5,-1,Boulder,V-easy,1,,37.32093,-118.57408000000001,114241141,-1.0
Unnamed VB,Small Fruit Boulder > Small Fruit > Dale's Camp > Buttermilk Country > Bishop Area > Sierra Eastside > California,https://www.mountainproject.com/route/114241186/unnamed-vb,2.0,-1,Boulder,V-easy,1,,37.32093,-118.57406999999999,114241186,-1.0
Knobs and Flake,Warmup Boulders > Bardini Boulders > Buttermilk Country > Bishop Area > Sierra Eastside > California,https://www.mountainproject.com/route/114054770/knobs-and-flake,1.0,-1,Boulder,V-easy,1,,37.318290000000005,-118.5863,114054770,-1.0
Downclimb,Warmup Boulders > Bardini Boulders > Buttermilk Country > Bishop Area > Sierra Eastside > California,https://www.mountainproject.com/route/114054774/downclimb,1.0,-1,Boulder,V-easy,1,,37.318290000000005,-118.5863,114054774,-1.0
Unnamed  1,Sunshine Boulder > Buttermilks Main > Buttermilk Country > Bishop Area > Sierra Eastside > California,https://www.mountainproject.com/route/107032776/unnamed-1,2.2,-1,Boulder,V0-,1,18.0,37.328590000000005,-118.57516000000001,107032776,-0.25
Unnamed  2,Sunshine Boulder > Buttermilks Main > Buttermilk Country > Bishop Area > Sierra Eastside > California,https://www.mountainproject.com/route/107032780/unnamed-2,2.8,-1,Boulder,V0-,1,18.0,37.328590000000005,-118.57516000000001,107032780,-0.25
Problem B,Green Wall Boulder > Buttermilks Main > Buttermilk Country > Bishop Area > Sierra Eastside > California,https://www.mountainproject.com/route/106322572/problem-b,1.8,-1,Boulder,V0-,1,12.0,37.32873,-118.57534,106322572,-0.25
Hip Hop Hager,Hager Boulder > Iron Man East Area > Buttermilks Main > Buttermilk Country > Bishop Area > Sierra Eastside > California,https://www.mountainproject.com/route/107519098/hip-hop-hager,1.6,-1,Boulder,V0-,1,16.0,37.33014,-118.57777,107519098,-0.25
Unknown V0/V1,The Loaf > Buttermilks Main > Buttermilk Country > Bishop Area > Sierra Eastside > California,https://www.mountainproject.com/route/106442771/unknown-v0v1,1.8,-1,Boulder,V0-,1,12.0,37.330220000000004,-118.57882,106442771,-0.25
Problem A,Fit Homeless Boulder > Buttermilks Main > Buttermilk Country > Bishop Area > Sierra Eastside > California,https://www.mountainproject.com/route/106060959/problem-a,1.7,-1,Boulder,V0-,1,,37.32895,-118.57595,106060959,-0.25
Problem C,Fit Homeless Boulder > Buttermilks Main > Buttermilk Country > Bishop Area > Sierra Eastside > California,https://www.mountainproject.com/route/106060972/problem-c,1.5,-1,Boulder,V0-,1,,37.32895,-118.57595,106060972,-0.25
Xenolith Slab,Agent Orange Boulder > Zeppelin Area > Dale's Camp > Buttermilk Country > Bishop Area > Sierra Eastside > California,https://www.mountainproject.com/route/116715297/xenolith-slab,2.0,-1,Boulder,V0-,1,10.0,37.31821,-118.57395,116715297,-0.25
Knob Slab,Warmup Boulders > Bardini Boulders > Buttermilk Country > Bishop Area > Sierra Eastside > California,https://www.mountainproject.com/route/114054760/knob-slab,2.0,-1,Boulder,V0-,1,,37.318290000000005,-118.5863,114054760,-0.25
Backside Crack,Get Carter Boulder > Buttermilk Country > Bishop Area > Sierra Eastside > California,https://www.mountainproject.com/route/108010816/backside-crack,2.3,-1,Boulder,V0,1,20.0,37.3388,-118.5776,108010816,0.0
Burned and Bare,Get Carter Boulder > Buttermilk Country > Bishop Area > Sierra Eastside > California,https://www.mountainproject.com/route/108880968/burned-and-bare,2.7,-1,Boulder,V0,1,15.0,37.3388,-118.5776,108880968,0.0
Original Line,Lidija / Pollen Grain Boulder > Pollen Grains / Lidija Boulders > Buttermilk Country > Bishop Area > Sierra Eastside > California,https://www.mountainproject.com/route/108054564/original-line,3.1,-1,Boulder,V0,1,35.0,37.3377,-118.5701,108054564,0.0
Vic's Demise,Mead Boulder > Pollen Grains / Lidija Boulders > Buttermilk Country > Bishop Area > Sierra Eastside > California,https://www.mountainproject.com/route/111450402/vics-demise,3.0,-1,Boulder,V0 X,1,35.0,37.3378,-118.572,111450402,0.25
Essential Peabody,Grandma Peabody Boulder > Peabody Boulders > Buttermilks Main > Buttermilk Country > Bishop Area > Sierra Eastside > California,https://www.mountainproject.com/route/106395083/essential-peabody,3.1,-1,Boulder,V0,1,40.0,37.32837,-118.57479,106395083,0.0
Advanced Rockcraft Arete,Grandpa Peabody Boulder > Peabody Boulders > Buttermilks Main > Buttermilk Country > Bishop Area > Sierra Eastside > California,https://www.mountainproject.com/route/109526745/advanced-rockcraft-arete,3.5,-1,Boulder,5.8+ V0 X,1,50.0,37.32817,-118.57477,109526745,0.25
Problem A,Birthday Boulders > Buttermilks Main > Buttermilk Country > Bishop Area > Sierra Eastside > California,https://www.mountainproject.com/route/106277503/problem-a,1.4,-1,Boulder,V0,1,12.0,37.330040000000004,-118.57901000000001,106277503,0.0
Birthday Mantel,Birthday Boulders > Buttermilks Main > Buttermilk Country > Bishop Area > Sierra Eastside > California,https://www.mountainproject.com/route/106277514/birthday-mantel,2.5,-1,Boulder,V0,1,12.0,37.330040000000004,-118.57901000000001,106277514,0.0
Problem B,Birthday Boulders > Buttermilks Main > Buttermilk Country > Bishop Area > Sierra Eastside > California,https://www.mountainproject.com/route/106277521/problem-b,2.1,-1,Boulder,V0,1,12.0,37.330040000000004,-118.57901000000001,106277521,0.0
Robinson's Rubber Tester,Robinson's Rubber Tester Boulder > Cave Area > Buttermilks Main > Buttermilk Country > Bishop Area > Sierra Eastside > California,https://www.mountainproject.com/route/105936126/robinsons-rubber-tester,3.3,-1,Boulder,V0,1,,37.32867,-118.57681000000001,105936126,0.0
Unnamed  3,Sunshine Boulder > Buttermilks Main > Buttermilk Country > Bishop Area > Sierra Eastside > California,https://www.mountainproject.com/route/107032785/unnamed-3,2.5,-1,Boulder,V0,1,18.0,37.328590000000005,-118.57516000000001,107032785,0.0
Problem A,Green Wall Boulder > Buttermilks Main > Buttermilk Country > Bishop Area > Sierra Eastside > California,https://www.mountainproject.com/route/106322566/problem-a,2.0,-1,Boulder,V0,1,15.0,37.32873,-118.57534,106322566,0.0
Hager Arete,Hager Boulder > Iron Man East Area > Buttermilks Main > Buttermilk Country > Bishop Area > Sierra Eastside > California,https://www.mountainproject.com/route/105936748/hager-arete,2.6,-1,Boulder,V0,1,15.0,37.33014,-118.57777,105936748,0.0
Unnamed Arete,Hager Boulder > Iron Man East Area > Buttermilks Main > Buttermilk Country > Bishop Area > Sierra Eastside > California,https://www.mountainproject.com/route/105936754/unnamed-arete,1.7,-1,Boulder,V0,1,20.0,37.33014,-118.57777,105936754,0.0
Unnmed,Hager Boulder > Iron Man East Area > Buttermilks Main > Buttermilk Country > Bishop Area > Sierra Eastside > California,https://www.mountainproject.com/route/111731481/unnmed,1.9,-1,Boulder,V0,1,15.0,37.33014,-118.57777,111731481,0.0
Hero Roof,Hero  Roof Boulder > Iron Man Area > Buttermilks Main > Buttermilk Country > Bishop Area > Sierra Eastside > California,https://www.mountainproject.com/route/106094805/hero-roof,3.4,-1,Boulder,V0,1,14.0,37.33,-118.5782,106094805,0.0
Problem D,Ranger Rock > Buttermilks Main > Buttermilk Country > Bishop Area > Sierra Eastside > California,https://www.mountainproject.com/route/105936776/problem-d,1.9,-1,Boulder,V0,1,,37.329640000000005,-118.57869,105936776,0.0
Problem G,Ranger Rock > Buttermilks Main > Buttermilk Country > Bishop Area > Sierra Eastside > California,https://www.mountainproject.com/route/105936802/problem-g,1.6,-1,Boulder,V0,1,,37.329640000000005,-118.57869,105936802,0.0
Problem H,Ranger Rock > Buttermilks Main > Buttermilk Country > Bishop Area > Sierra Eastside > California,https://www.mountainproject.com/route/106060929/problem-h,1.4,-1,Boulder,V0,1,,37.329640000000005,-118.57869,106060929,0.0
Tall Edgy,Saigon Boulder > Buttermilks Main > Buttermilk Country > Bishop Area > Sierra Eastside > California,https://www.mountainproject.com/route/115681932/tall-edgy,2.5,-1,Boulder,V0,1,24.0,37.329440000000005,-118.57548,115681932,0.0
Five and Dime Left,Stained Glass/Flyboy Area > Buttermilks Main > Buttermilk Country > Bishop Area > Sierra Eastside > California,https://www.mountainproject.com/route/107204109/five-and-dime-left,1.1,-1,Boulder,V0,1,,37.33057,-118.57834,107204109,0.0
Five and Dime Right,Stained Glass/Flyboy Area > Buttermilks Main > Buttermilk Country > Bishop Area > Sierra Eastside > California,https://www.mountainproject.com/route/107204124/five-and-dime-right,1.0,-1,Boulder,V0,1,,37.33057,-118.57834,107204124,0.0
Northwest Flake,Tut Boulder > Buttermilks Main > Buttermilk Country > Bishop Area > Sierra Eastside > California,https://www.mountainproject.com/route/106322549/northwest-flake,2.1,-1,Boulder,V0,1,12.0,37.329,-118.5773,106322549,0.0
Howard Carter,Tut Boulder > Buttermilks Main > Buttermilk Country > Bishop Area > Sierra Eastside > California,https://www.mountainproject.com/route/107983686/howard-carter,1.7,-1,Boulder,V0,1,,37.329,-118.5773,107983686,0.0
Egypt (crack),Tut Boulder > Buttermilks Main > Buttermilk Country > Bishop Area > Sierra Eastside > California,https://www.mountainproject.com/route/110802913/egypt-crack,1.4,-1,Boulder,V0,1,,37.329,-118.5773,110802913,0.0
Problem B,Fit Homeless Boulder > Buttermilks Main > Buttermilk Country > Bishop Area > Sierra Eastside > California,https://www.mountainproject.com/route/106060967/problem-b,1.5,-1,Boulder,V0,1,,37.32895,-118.57595,106060967,0.0
Problem D,Fit Homeless Boulder > Buttermilks Main > Buttermilk Country > Bishop Area > Sierra Eastside > California,https://www.mountainproject.com/route/106060977/problem-d,1.4,-1,Boulder,V0,1,,37.32895,-118.57595,106060977,0.0
Unnamed Slab/Arete,Buttermilk Stem Boulder > Buttermilk Stem Area > Buttermilks Main > Buttermilk Country > Bishop Area > Sierra Eastside > California,https://www.mountainproject.com/route/106130723/unnamed-slabarete,2.5,-1,Boulder,V0,1,18.0,37.32906,-118.5768,106130723,0.0
Problem C,Rowell Rock > Buttermilk Stem Area > Buttermilks Main > Buttermilk Country > Bishop Area > Sierra Eastside > California,https://www.mountainproject.com/route/106336055/problem-c,2.4,-1,Boulder,V0,1,25.0,37.32878,-118.57687,106336055,0.0
Left Facing Arete,Corner Boulders > Buttermilks Main > Buttermilk Country > Bishop Area > Sierra Eastside > California,https://www.mountainproject.com/route/114316077/left-facing-arete,2.5,-1,Boulder,V0,1,12.0,37.32909,-118.57791,114316077,0.0
Unnamed V0,Boy and Girl Rocks > Buttermilks Main > Buttermilk Country > Bishop Area > Sierra Eastside > California,https://www.mountainproject.com/route/106442728/unnamed-v0,2.4,-1,Boulder,V0,1,20.0,37.32993,-118.57853,106442728,0.0
Yo! Basecamp,Womb Boulder > Buttermilks Main > Buttermilk Country > Bishop Area > Sierra Eastside > California,https://www.mountainproject.com/route/114076356/yo-basecamp,2.3,-1,Boulder,V0,1,10.0,37.329,-118.57473,114076356,0.0
Tricky Grain,Small Fruit Boulder > Small Fruit > Dale's Camp > Buttermilk Country > Bishop Area > Sierra Eastside > California,https://www.mountainproject.com/route/114241167/tricky-grain,0.0,-1,Boulder,V0,1,,37.32093,-118.57406999999999,114241167,0.0
Scoopy-Doo,Small Fruit Boulder > Small Fruit > Dale's Camp > Buttermilk Country > Bishop Area > Sierra Eastside > California,https://www.mountainproject.com/route/114241182/scoopy-doo,2.0,-1,Boulder,V0,1,,37.32093,-118.57406999999999,114241182,0.0
Natural Melody,Natural Melody Boulder > Secrets of the Beehive Area > Beehive Area > Buttermilk Country > Bishop Area > Sierra Eastside > California,https://www.mountainproject.com/route/112499885/natural-melody,2.5,-1,Boulder,V0 PG13,1,30.0,37.33676,-118.57615,112499885,0.0
Lifeguard Fantasy,Warmup Boulders > Bardini Boulders > Buttermilk Country > Bishop Area > Sierra Eastside > California,https://www.mountainproject.com/route/114054347/lifeguard-fantasy,2.0,-1,Boulder,V0 PG13,1,18.0,37.318290000000005,-118.5863,114054347,0.0
Problem C,Tut Boulder > Buttermilks Main > Buttermilk Country > Bishop Area > Sierra Eastside > California,https://www.mountainproject.com/route/106322544/problem-c,2.1,-1,Boulder,V0+,1,12.0,37.329,-118.5773,106322544,0.25
Unnamed Arete,Corner Boulders > Buttermilks Main > Buttermilk Country > Bishop Area > Sierra Eastside > California,https://www.mountainproject.com/route/106395524/unnamed-arete,2.5,-1,Boulder,V0+,1,12.0,37.32909,-118.57791,106395524,0.25
West Arete,Pope's Hat > Buttermilks Main > Buttermilk Country > Bishop Area > Sierra Eastside > California,https://www.mountainproject.com/route/107043966/west-arete,2.8,-1,"Trad, Boulder",V0+,1,,37.33013,-118.5785,107043966,0.25
Sketchpad,Sherman Acres > Buttermilk Country > Bishop Area > Sierra Eastside > California,https://www.mountainproject.com/route/107460413/sketchpad,3.8,-1,Boulder,V0+ R,1,30.0,37.2991,-118.5955,107460413,0.5
The Flake Crack,The Flake Crack Boulder > Secrets of the Beehive Area > Beehive Area > Buttermilk Country > Bishop Area > Sierra Eastside > California,https://www.mountainproject.com/route/112499931/the-flake-crack,3.0,-1,Boulder,V0-1,1,40.0,37.337109999999996,-118.5759,112499931,0.5
Roadside Crack,Get Carter Boulder > Buttermilk Country > Bishop Area > Sierra Eastside > California,https://www.mountainproject.com/route/107956819/roadside-crack,2.4,-1,Boulder,V1,1,20.0,37.3388,-118.5776,107956819,1.0
John Bachar Memorial Problem,White Slab Boulder > Pollen Grains / Lidija Boulders > Buttermilk Country > Bishop Area > Sierra Eastside > California,https://www.mountainproject.com/route/112252165/john-bachar-memorial-problem,4.0,-1,Boulder,V1 R,1,25.0,37.33744,-118.57356000000001,112252165,1.25
Birthday Left,Birthday Boulders > Buttermilks Main > Buttermilk Country > Bishop Area > Sierra Eastside > California,https://www.mountainproject.com/route/106027080/birthday-left,2.2,-1,Boulder,V1,1,10.0,37.330040000000004,-118.57901000000001,106027080,1.0
The Prow Stand Start,Birthday Boulders > Buttermilks Main > Buttermilk Country > Bishop Area > Sierra Eastside > California,https://www.mountainproject.com/route/114341764/the-prow-stand-start,2.7,-1,Boulder,V1,1,16.0,37.330040000000004,-118.57901000000001,114341764,1.0
Good Morning Sunshine,Sunshine Boulder > Buttermilks Main > Buttermilk Country > Bishop Area > Sierra Eastside > California,https://www.mountainproject.com/route/106094043/good-morning-sunshine,3.1,-1,Boulder,V1 PG13,1,22.0,37.328590000000005,-118.57516000000001,106094043,1.0
Unnamed 4,Sunshine Boulder > Buttermilks Main > Buttermilk Country > Bishop Area > Sierra Eastside > California,https://www.mountainproject.com/route/107987316/unnamed-4,1.7,-1,Boulder,V1,1,15.0,37.328590000000005,-118.57516000000001,107987316,1.0
Unnamed 5,Sunshine Boulder > Buttermilks Main > Buttermilk Country > Bishop Area > Sierra Eastside > California,https://www.mountainproject.com/route/107987323/unnamed-5,2.2,-1,Boulder,V1,1,15.0,37.328590000000005,-118.57516000000001,107987323,1.0
Green Wall Arete,Green Wall Boulder > Buttermilks Main > Buttermilk Country > Bishop Area > Sierra Eastside > California,https://www.mountainproject.com/route/106093952/green-wall-arete,2.4,-1,Boulder,V1,1,20.0,37.32873,-118.57534,106093952,1.0
Blue Ball Existential,Green Wall Boulder > Buttermilks Main > Buttermilk Country > Bishop Area > Sierra Eastside > California,https://www.mountainproject.com/route/112826595/blue-ball-existential,2.5,-1,Boulder,V1,1,15.0,37.32873,-118.57534,112826595,1.0
Problem C,Roadside Boulder > Roadside Area > Buttermilks Main > Buttermilk Country > Bishop Area > Sierra Eastside > California,https://www.mountainproject.com/route/107987405/problem-c,1.1,-1,Boulder,V1,1,12.0,37.3282,-118.5761,107987405,1.0
Problem A,Scoop Boulder > Roadside Area > Buttermilks Main > Buttermilk Country > Bishop Area > Sierra Eastside > California,https://www.mountainproject.com/route/107987380/problem-a,2.0,-1,Boulder,V1,1,12.0,37.3282,-118.5762,107987380,1.0
"Rib, No Rib",Hero  Roof Boulder > Iron Man Area > Buttermilks Main > Buttermilk Country > Bishop Area > Sierra Eastside > California,https://www.mountainproject.com/route/111729554/rib-no-rib,2.5,-1,Boulder,V1,1,12.0,37.33,-118.5782,111729554,1.0
Groovy Grit,Hero  Roof Boulder > Iron Man Area > Buttermilks Main > Buttermilk Country > Bishop Area > Sierra Eastside > California,https://www.mountainproject.com/route/114039783/groovy-grit,2.3,-1,Boulder,V1,1,,37.33,-118.5782,114039783,1.0
Problem F,Ranger Rock > Buttermilks Main > Buttermilk Country > Bishop Area > Sierra Eastside > California,https://www.mountainproject.com/route/106060921/problem-f,1.8,-1,Boulder,V1,1,,37.329640000000005,-118.57869,106060921,1.0
Five and Dime,Stained Glass/Flyboy Area > Buttermilks Main > Buttermilk Country > Bishop Area > Sierra Eastside > California,https://www.mountainproject.com/route/107204089/five-and-dime,2.6,-1,Boulder,V1,1,,37.33057,-118.57834,107204089,1.0
Five and Dime Left Sit Start,Stained Glass/Flyboy Area > Buttermilks Main > Buttermilk Country > Bishop Area > Sierra Eastside > California,https://www.mountainproject.com/route/107204116/five-and-dime-left-sit-start,2.0,-1,Boulder,V1,1,,37.33057,-118.57834,107204116,1.0
Ay,Tut Boulder > Buttermilks Main > Buttermilk Country > Bishop Area > Sierra Eastside > California,https://www.mountainproject.com/route/106100333/ay,2.1,-1,Boulder,V1,1,15.0,37.329,-118.5773,106100333,1.0
Problem B,Tut Boulder > Buttermilks Main > Buttermilk Country > Bishop Area > Sierra Eastside > California,https://www.mountainproject.com/route/108048876/problem-b,2.1,-1,Boulder,V1,1,15.0,37.329,-118.5773,108048876,1.0
Buttermilk Stem,Buttermilk Stem Boulder > Buttermilk Stem Area > Buttermilks Main > Buttermilk Country > Bishop Area > Sierra Eastside > California,https://www.mountainproject.com/route/106130698/buttermilk-stem,3.5,-1,Boulder,V1,1,15.0,37.32906,-118.5768,106130698,1.0
Buttermilk Gem,Rowell Rock > Buttermilk Stem Area > Buttermilks Main > Buttermilk Country > Bishop Area > Sierra Eastside > California,https://www.mountainproject.com/route/106130735/buttermilk-gem,3.0,-1,Boulder,V1 R,1,28.0,37.32878,-118.57687,106130735,1.25
Junior's Arete,Rowell Rock > Buttermilk Stem Area > Buttermilks Main > Buttermilk Country > Bishop Area > Sierra Eastside > California,https://www.mountainproject.com/route/106130759/juniors-arete,2.4,-1,Boulder,V1,1,20.0,37.32878,-118.57687,106130759,1.0
Problem A,Rowell Rock > Buttermilk Stem Area > Buttermilks Main > Buttermilk Country > Bishop Area > Sierra Eastside > California,https://www.mountainproject.com/route/106322590/problem-a,2.2,-1,Boulder,V1 PG13,1,25.0,37.32878,-118.57687,106322590,1.0
Problem B,Rowell Rock > Buttermilk Stem Area > Buttermilks Main > Buttermilk Country > Bishop Area > Sierra Eastside > California,https://www.mountainproject.com/route/106322596/problem-b,2.1,-1,Boulder,V1 PG13,1,20.0,37.32878,-118.57687,106322596,1.0
Warm up to Hobbs,Corner Boulders > Buttermilks Main > Buttermilk Country > Bishop Area > Sierra Eastside > California,https://www.mountainproject.com/route/114316113/warm-up-to-hobbs,3.0,-1,Boulder,V1,1,12.0,37.32909,-118.57791,114316113,1.0
Unnamed V1,Boy and Girl Rocks > Buttermilks Main > Buttermilk Country > Bishop Area > Sierra Eastside > California,https://www.mountainproject.com/route/107030002/unnamed-v1,2.1,-1,Boulder,V1,1,12.0,37.32993,-118.57853,107030002,1.0
Flakes,Buttocks/Smooth Shrimp Boulder > Buttermilks Main > Buttermilk Country > Bishop Area > Sierra Eastside > California,https://www.mountainproject.com/route/108002634/flakes,2.6,-1,Boulder,V1,1,,37.329229999999995,-118.57528,108002634,1.0
The Buttocks,Buttocks/Smooth Shrimp Boulder > Buttermilks Main > Buttermilk Country > Bishop Area > Sierra Eastside > California,https://www.mountainproject.com/route/108002643/the-buttocks,2.0,-1,Boulder,V1,1,,37.329229999999995,-118.57528,108002643,1.0
The Womb (Birthing Experience),Womb Boulder > Buttermilks Main > Buttermilk Country > Bishop Area > Sierra Eastside > California,https://www.mountainproject.com/route/107052779/the-womb-birthing-experience,3.0,-1,Boulder,V1,1,12.0,37.329,-118.57473,107052779,1.0
Tubular,Sharma Traverse Boulder > Buttermilks Main > Buttermilk Country > Bishop Area > Sierra Eastside > California,https://www.mountainproject.com/route/114189856/tubular,3.0,-1,Boulder,V1,1,12.0,37.32954,-118.57498000000001,114189856,1.0
Heart Prow,Heart Prow Boulder > Zeppelin Area > Dale's Camp > Buttermilk Country > Bishop Area > Sierra Eastside > California,https://www.mountainproject.com/route/108088018/heart-prow,2.5,-1,Boulder,V1,1,,37.3184,-118.5741,108088018,1.0
No Chicken,Chicken Head Boulder > Zeppelin Area > Dale's Camp > Buttermilk Country > Bishop Area > Sierra Eastside > California,https://www.mountainproject.com/route/116715500/no-chicken,2.0,-1,Boulder,V1,1,12.0,37.318259999999995,-118.5744,116715500,1.0
Ballbuster,Queen Sweet Nectar Boulder > Secrets of the Beehive Area > Beehive Area > Buttermilk Country > Bishop Area > Sierra Eastside > California,https://www.mountainproject.com/route/112499920/ballbuster,2.0,-1,Boulder,V1,1,20.0,37.33684,-118.57603999999999,112499920,1.0
Boneyard Rail Problem,Boneyard Area > Painted Cave Area > Buttermilk Country > Bishop Area > Sierra Eastside > California,https://www.mountainproject.com/route/111715390/boneyard-rail-problem,2.0,-1,Boulder,V1,1,14.0,37.32143,-118.58055,111715390,1.0
The Shard,Warmup Boulders > Bardini Boulders > Buttermilk Country > Bishop Area > Sierra Eastside > California,https://www.mountainproject.com/route/114054351/the-shard,2.0,-1,Boulder,V1,1,,37.318290000000005,-118.5863,114054351,1.0
White Face,Warmup Boulders > Bardini Boulders > Buttermilk Country > Bishop Area > Sierra Eastside > California,https://www.mountainproject.com/route/114054765/white-face,2.0,-1,Boulder,V1,1,,37.318290000000005,-118.5863,114054765,1.0
The Glass House Arete,The Glass House > The Glass House > Buttermilk Country > Bishop Area > Sierra Eastside > California,https://www.mountainproject.com/route/114054434/the-glass-house-arete,2.0,-1,Boulder,V1 PG13,1,20.0,37.31538,-118.5724,114054434,1.0
Unknown,Creek Boulder > Heaven > Buttermilk Country > Bishop Area > Sierra Eastside > California,https://www.mountainproject.com/route/114054520/unknown,2.0,-1,"Boulder, Alpine",V1,1,,37.28557,-118.64861,114054520,1.0
West Face,Whale Boulder > Heaven > Buttermilk Country > Bishop Area > Sierra Eastside > California,https://www.mountainproject.com/route/114054598/west-face,2.0,-1,"Boulder, Alpine",V1 PG13,1,,37.28602,-118.64943999999998,114054598,1.0
West Arete,Tang > Heaven > Buttermilk Country > Bishop Area > Sierra Eastside > California,https://www.mountainproject.com/route/114054638/west-arete,2.0,-1,"Boulder, Alpine",V1,1,,37.28499,-118.65077,114054638,1.0
Unnamed V2,Iron Man Boulder > Iron Man Area > Buttermilks Main > Buttermilk Country > Bishop Area > Sierra Eastside > California,https://www.mountainproject.com/route/107370951/unnamed-v2,2.3,-1,Boulder,V1+,1,,37.330009999999994,-118.57811000000001,107370951,1.25
Unnamed,Lower Smoking Boulder > Buttermilks Main > Buttermilk Country > Bishop Area > Sierra Eastside > California,https://www.mountainproject.com/route/107347384/unnamed,2.4,-1,Boulder,V1+,1,20.0,37.32881,-118.57468999999999,107347384,1.25
Pothole Traverse,Pothole Boulder > Buttermilk Stem Area > Buttermilks Main > Buttermilk Country > Bishop Area > Sierra Eastside > California,https://www.mountainproject.com/route/106130742/pothole-traverse,2.5,-1,Boulder,V1-2,1,,37.32885,-118.57667,106130742,1.5
Wanderlust,Lidija / Pollen Grain Boulder > Pollen Grains / Lidija Boulders > Buttermilk Country > Bishop Area > Sierra Eastside > California,https://www.mountainproject.com/route/107027383/wanderlust,2.4,-1,Boulder,V2,1,,37.3377,-118.5701,107027383,2.0
Hunting Dog,Lidija / Pollen Grain Boulder > Pollen Grains / Lidija Boulders > Buttermilk Country > Bishop Area > Sierra Eastside > California,https://www.mountainproject.com/route/108477060/hunting-dog,2.3,-1,Boulder,V2,1,12.0,37.3377,-118.5701,108477060,2.0
Cover Me With Flowers,Honey Boulder > Pollen Grains / Lidija Boulders > Buttermilk Country > Bishop Area > Sierra Eastside > California,https://www.mountainproject.com/route/108054574/cover-me-with-flowers,3.3,-1,Boulder,V2,1,,37.336999999999996,-118.5702,108054574,2.0
Timothy Leary Presents...,The Hive Boulder > Pollen Grains / Lidija Boulders > Buttermilk Country > Bishop Area > Sierra Eastside > California,https://www.mountainproject.com/route/112252241/timothy-leary-presents,3.4,-1,Boulder,V2,1,20.0,37.33781,-118.57337,112252241,2.0
North Face Direct,Grandma Peabody Boulder > Peabody Boulders > Buttermilks Main > Buttermilk Country > Bishop Area > Sierra Eastside > California,https://www.mountainproject.com/route/106378692/north-face-direct,3.3,-1,Boulder,V2,1,20.0,37.32837,-118.57479,106378692,2.0
Birthday Left (SDS),Birthday Boulders > Buttermilks Main > Buttermilk Country > Bishop Area > Sierra Eastside > California,https://www.mountainproject.com/route/106027084/birthday-left-sds,2.1,-1,Boulder,V2,1,12.0,37.330040000000004,-118.57901000000001,106027084,2.0
The Prow,Birthday Boulders > Buttermilks Main > Buttermilk Country > Bishop Area > Sierra Eastside > California,https://www.mountainproject.com/route/106131018/the-prow,2.8,-1,Boulder,V2,1,16.0,37.330040000000004,-118.57901000000001,106131018,2.0
North Roof Crack,Birthday Boulders > Buttermilks Main > Buttermilk Country > Bishop Area > Sierra Eastside > California,https://www.mountainproject.com/route/106495109/north-roof-crack,2.3,-1,Boulder,V2,1,,37.330040000000004,-118.57901000000001,106495109,2.0
Inner Sanctum,Cave Boulder > Cave Area > Buttermilks Main > Buttermilk Country > Bishop Area > Sierra Eastside > California,https://www.mountainproject.com/route/107064103/inner-sanctum,2.4,-1,Boulder,V2,1,8.0,37.32863,-118.57633999999999,107064103,2.0
Green Wall Essential,Green Wall Boulder > Buttermilks Main > Buttermilk Country > Bishop Area > Sierra Eastside > California,https://www.mountainproject.com/route/105936142/green-wall-essential,3.1,-1,Boulder,V2,1,20.0,37.32873,-118.57534,105936142,2.0
Problem C,Ranger Rock > Buttermilks Main > Buttermilk Country > Bishop Area > Sierra Eastside > California,https://www.mountainproject.com/route/105936782/problem-c,2.8,-1,Boulder,V2,1,,37.329640000000005,-118.57869,105936782,2.0
Problem I,Ranger Rock > Buttermilks Main > Buttermilk Country > Bishop Area > Sierra Eastside > California,https://www.mountainproject.com/route/105936806/problem-i,1.3,-1,Boulder,V2,1,,37.329640000000005,-118.57869,105936806,2.0
Problem E,Ranger Rock > Buttermilks Main > Buttermilk Country > Bishop Area > Sierra Eastside > California,https://www.mountainproject.com/route/106060912/problem-e,1.4,-1,Boulder,V2,1,,37.329640000000005,-118.57869,106060912,2.0
Unnamed Slab,Ranger Rock > Buttermilks Main > Buttermilk Country > Bishop Area > Sierra Eastside > California,https://www.mountainproject.com/route/114223690/unnamed-slab,2.0,-1,Boulder,V2,1,,37.329640000000005,-118.57869,114223690,2.0
Monkey Dihedral,Saigon Boulder > Buttermilks Main > Buttermilk Country > Bishop Area > Sierra Eastside > California,https://www.mountainproject.com/route/106908986/monkey-dihedral,3.3,-1,Boulder,V2,1,17.0,37.329440000000005,-118.57548,106908986,2.0
Sheepherder,The Loaf > Buttermilks Main > Buttermilk Country > Bishop Area > Sierra Eastside > California,https://www.mountainproject.com/route/106279792/sheepherder,3.5,-1,Boulder,V2,1,,37.330220000000004,-118.57882,106279792,2.0
Scoop,Stained Glass/Flyboy Area > Buttermilks Main > Buttermilk Country > Bishop Area > Sierra Eastside > California,https://www.mountainproject.com/route/115381134/scoop,2.0,-1,Boulder,V2,1,15.0,37.33057,-118.57834,115381134,2.0
Problem A,Tut Boulder > Buttermilks Main > Buttermilk Country > Bishop Area > Sierra Eastside > California,https://www.mountainproject.com/route/106060948/problem-a,2.0,-1,Boulder,V2,1,,37.329,-118.5773,106060948,2.0
Problem E,Fit Homeless Boulder > Buttermilks Main > Buttermilk Country > Bishop Area > Sierra Eastside > California,https://www.mountainproject.com/route/106060983/problem-e,2.0,-1,Boulder,V2,1,,37.32895,-118.57595,106060983,2.0
Problem A,Buttermilk Stem Boulder > Buttermilk Stem Area > Buttermilks Main > Buttermilk Country > Bishop Area > Sierra Eastside > California,https://www.mountainproject.com/route/106322579/problem-a,2.6,-1,Boulder,V2,1,15.0,37.32906,-118.5768,106322579,2.0
Hobbs' Problem,Corner Boulders > Buttermilks Main > Buttermilk Country > Bishop Area > Sierra Eastside > California,https://www.mountainproject.com/route/106353989/hobbs-problem,3.0,-1,Boulder,V2,1,15.0,37.32909,-118.57791,106353989,2.0
The Hunk,The Hunk > Buttermilks Main > Buttermilk Country > Bishop Area > Sierra Eastside > California,https://www.mountainproject.com/route/106382086/the-hunk,3.7,-1,Boulder,V2,1,20.0,37.32886,-118.57512,106382086,2.0
Dale's Right,Led Zeppelin Boulder > Zeppelin Area > Dale's Camp > Buttermilk Country > Bishop Area > Sierra Eastside > California,https://www.mountainproject.com/route/106418652/dales-right,3.0,-1,Boulder,V2,1,15.0,37.31777,-118.57443,106418652,2.0
Unnamed V2,Fear Of A Black Planet Boulder > Small Fruit > Dale's Camp > Buttermilk Country > Bishop Area > Sierra Eastside > California,https://www.mountainproject.com/route/114241147/unnamed-v2,2.0,-1,Boulder,V2,1,,37.32093,-118.57408000000001,114241147,2.0
"No Words, No Talk",Queen Sweet Nectar Boulder > Secrets of the Beehive Area > Beehive Area > Buttermilk Country > Bishop Area > Sierra Eastside > California,https://www.mountainproject.com/route/112499909/no-words-no-talk,1.0,-1,Boulder,V2 PG13,1,32.0,37.33684,-118.57603999999999,112499909,2.0
Xen,Xen Boulder > Painted Cave Area > Buttermilk Country > Bishop Area > Sierra Eastside > California,https://www.mountainproject.com/route/111728209/xen,3.5,-1,Boulder,V2,1,12.0,37.32287,-118.5802,111728209,2.0
unknown,Walkabout 4 > Walkabout Boulders > Bardini Boulders > Buttermilk Country > Bishop Area > Sierra Eastside > California,https://www.mountainproject.com/route/114054783/unknown,2.0,-1,Boulder,V2,1,,37.316109999999995,-118.58188999999999,114054783,2.0
Birthday Link,Birthday Boulders > Buttermilks Main > Buttermilk Country > Bishop Area > Sierra Eastside > California,https://www.mountainproject.com/route/106277567/birthday-link,2.6,-1,Boulder,V2+,1,12.0,37.330040000000004,-118.57901000000001,106277567,2.25
To Kill Ya Corner,Get Carter Boulder > Buttermilk Country > Bishop Area > Sierra Eastside > California,https://www.mountainproject.com/route/106029305/to-kill-ya-corner,3.1,-1,Boulder,V3,1,,37.3388,-118.5776,106029305,3.0
Perry's Pose,Get Carter Boulder > Buttermilk Country > Bishop Area > Sierra Eastside > California,https://www.mountainproject.com/route/111683780/perrys-pose,3.0,-1,Boulder,V3,1,10.0,37.3388,-118.5776,111683780,3.0
Edge of Reason,Edge of Reason Boulder > Checkerboard Area > Buttermilk Country > Bishop Area > Sierra Eastside > California,https://www.mountainproject.com/route/111730011/edge-of-reason,2.2,-1,Boulder,V3,1,13.0,37.32508,-118.58025,111730011,3.0
Lidija's Mouth,Lidija / Pollen Grain Boulder > Pollen Grains / Lidija Boulders > Buttermilk Country > Bishop Area > Sierra Eastside > California,https://www.mountainproject.com/route/106589288/lidijas-mouth,3.5,-1,Boulder,V3,1,12.0,37.3377,-118.5701,106589288,3.0
Bee Sneeze,Apiary Boulder > Apiary Area > Pollen Grains / Lidija Boulders > Buttermilk Country > Bishop Area > Sierra Eastside > California,https://www.mountainproject.com/route/108087978/bee-sneeze,3.3,-1,Boulder,V3 PG13,1,20.0,37.3378,-118.5725,108087978,3.0
Scooped Face,Honey Bear Bong Boulder > Apiary Area > Pollen Grains / Lidija Boulders > Buttermilk Country > Bishop Area > Sierra Eastside > California,https://www.mountainproject.com/route/108107994/scooped-face,3.0,-1,Boulder,V3 R,1,25.0,37.3378,-118.5727,108107994,3.25
Birthday Direct,Birthday Boulders > Buttermilks Main > Buttermilk Country > Bishop Area > Sierra Eastside > California,https://www.mountainproject.com/route/106027088/birthday-direct,3.3,-1,Boulder,V3,1,12.0,37.330040000000004,-118.57901000000001,106027088,3.0
Problem E,Birthday Boulders > Buttermilks Main > Buttermilk Country > Bishop Area > Sierra Eastside > California,https://www.mountainproject.com/route/106277539/problem-e,2.5,-1,Boulder,V3,1,12.0,37.330040000000004,-118.57901000000001,106277539,3.0
Problem F,Birthday Boulders > Buttermilks Main > Buttermilk Country > Bishop Area > Sierra Eastside > California,https://www.mountainproject.com/route/106277548/problem-f,2.6,-1,Boulder,V3,1,12.0,37.330040000000004,-118.57901000000001,106277548,3.0
Birthday Skyline,Birthday Boulders > Buttermilks Main > Buttermilk Country > Bishop Area > Sierra Eastside > California,https://www.mountainproject.com/route/106277573/birthday-skyline,2.5,-1,Boulder,V3,1,12.0,37.330040000000004,-118.57901000000001,106277573,3.0
South Roof Crack,Birthday Boulders > Buttermilks Main > Buttermilk Country > Bishop Area > Sierra Eastside > California,https://www.mountainproject.com/route/106495092/south-roof-crack,2.5,-1,Boulder,V3,1,,37.330040000000004,-118.57901000000001,106495092,3.0
Dyno Problem,Cave Boulder > Cave Area > Buttermilks Main > Buttermilk Country > Bishop Area > Sierra Eastside > California,https://www.mountainproject.com/route/108048847/dyno-problem,2.4,-1,Boulder,V3,1,12.0,37.32863,-118.57633999999999,108048847,3.0
East Rib,Green Wall Boulder > Buttermilks Main > Buttermilk Country > Bishop Area > Sierra Eastside > California,https://www.mountainproject.com/route/107908759/east-rib,3.5,-1,Boulder,V3 PG13,1,30.0,37.32873,-118.57534,107908759,3.0
Rail Problem,Roadside Boulder > Roadside Area > Buttermilks Main > Buttermilk Country > Bishop Area > Sierra Eastside > California,https://www.mountainproject.com/route/105936169/rail-problem,2.3,-1,Boulder,V3,1,,37.3282,-118.5761,105936169,3.0
Roadside Highball,Roadside Boulder > Roadside Area > Buttermilks Main > Buttermilk Country > Bishop Area > Sierra Eastside > California,https://www.mountainproject.com/route/107916146/roadside-highball,3.5,-1,Boulder,V3 PG13,1,18.0,37.3282,-118.5761,107916146,3.0
Slots,Scoop Boulder > Roadside Area > Buttermilks Main > Buttermilk Country > Bishop Area > Sierra Eastside > California,https://www.mountainproject.com/route/107987370/slots,1.5,-1,Boulder,V3,1,12.0,37.3282,-118.5762,107987370,3.0
Problem A,Ranger Rock > Buttermilks Main > Buttermilk Country > Bishop Area > Sierra Eastside > California,https://www.mountainproject.com/route/105936787/problem-a,2.3,-1,Boulder,V3,1,,37.329640000000005,-118.57869,105936787,3.0
Yeast,The Loaf > Buttermilks Main > Buttermilk Country > Bishop Area > Sierra Eastside > California,https://www.mountainproject.com/route/108602480/yeast,3.0,-1,Boulder,V3,1,,37.330220000000004,-118.57882,108602480,3.0
Dough Boy,The Loaf > Buttermilks Main > Buttermilk Country > Bishop Area > Sierra Eastside > California,https://www.mountainproject.com/route/108637157/dough-boy,2.5,-1,Boulder,V3,1,15.0,37.330220000000004,-118.57882,108637157,3.0
Unnamed V3,Stained Glass/Flyboy Area > Buttermilks Main > Buttermilk Country > Bishop Area > Sierra Eastside > California,https://www.mountainproject.com/route/106881121/unnamed-v3,2.2,-1,Boulder,V3,1,,37.33057,-118.57834,106881121,3.0
East Side Story,Stained Glass/Flyboy Area > Buttermilks Main > Buttermilk Country > Bishop Area > Sierra Eastside > California,https://www.mountainproject.com/route/108367743/east-side-story,3.8,-1,Boulder,V3,1,30.0,37.33057,-118.57834,108367743,3.0
King Tut,Tut Boulder > Buttermilks Main > Buttermilk Country > Bishop Area > Sierra Eastside > California,https://www.mountainproject.com/route/105972724/king-tut,3.3,-1,Boulder,V3,1,17.0,37.329,-118.5773,105972724,3.0
Funky Tut,Tut Boulder > Buttermilks Main > Buttermilk Country > Bishop Area > Sierra Eastside > California,https://www.mountainproject.com/route/106077053/funky-tut,3.2,-1,Boulder,V3,1,15.0,37.329,-118.5773,106077053,3.0
Tut Crack,Tut Boulder > Buttermilks Main > Buttermilk Country > Bishop Area > Sierra Eastside > California,https://www.mountainproject.com/route/113967435/tut-crack,2.0,-1,Boulder,V3,1,,37.329,-118.5773,113967435,3.0
Pope's Problem,Pope's Hat > Buttermilks Main > Buttermilk Country > Bishop Area > Sierra Eastside > California,https://www.mountainproject.com/route/109565882/popes-problem,3.3,-1,Boulder,V3 R,1,25.0,37.33013,-118.5785,109565882,3.25
Dale's Left,Led Zeppelin Boulder > Zeppelin Area > Dale's Camp > Buttermilk Country > Bishop Area > Sierra Eastside > California,https://www.mountainproject.com/route/106568823/dales-left,2.7,-1,Boulder,V3,1,18.0,37.31777,-118.57443,106568823,3.0
Agent Orange,Agent Orange Boulder > Zeppelin Area > Dale's Camp > Buttermilk Country > Bishop Area > Sierra Eastside > California,https://www.mountainproject.com/route/116715318/agent-orange,1.0,-1,Boulder,V3,1,12.0,37.31821,-118.57395,116715318,3.0
Unnamed V3,Xav's Roof Boulder > Hueco Wall Area > Dale's Camp > Buttermilk Country > Bishop Area > Sierra Eastside > California,https://www.mountainproject.com/route/114241195/unnamed-v3,2.0,-1,Boulder,V3,1,,37.31814,-118.57567,114241195,3.0
Small Fruit,Small Fruit Boulder > Small Fruit > Dale's Camp > Buttermilk Country > Bishop Area > Sierra Eastside > California,https://www.mountainproject.com/route/114241174/small-fruit,3.0,-1,Boulder,V3,1,,37.32093,-118.57406999999999,114241174,3.0
Bone Bulge,Boneyard Area > Painted Cave Area > Buttermilk Country > Bishop Area > Sierra Eastside > California,https://www.mountainproject.com/route/111715456/bone-bulge,1.0,-1,Boulder,V3,1,14.0,37.32143,-118.58055,111715456,3.0
Split Arete,Xen Boulder > Painted Cave Area > Buttermilk Country > Bishop Area > Sierra Eastside > California,https://www.mountainproject.com/route/111728223/split-arete,2.0,-1,Boulder,V3,1,14.0,37.32287,-118.5802,111728223,3.0
Green Face,Warmup Boulders > Bardini Boulders > Buttermilk Country > Bishop Area > Sierra Eastside > California,https://www.mountainproject.com/route/114054355/green-face,2.0,-1,Boulder,V3,1,15.0,37.318290000000005,-118.5863,114054355,3.0
Snake Eyes,Snake Eyes Boulder > The Glass House > Buttermilk Country > Bishop Area > Sierra Eastside > California,https://www.mountainproject.com/route/114054451/snake-eyes,2.0,-1,Boulder,V3,1,,37.31538,-118.5724,114054451,3.0
The Green Room,The Green Room > The Glass House > Buttermilk Country > Bishop Area > Sierra Eastside > California,https://www.mountainproject.com/route/114054469/the-green-room,2.0,-1,Boulder,V3 PG13,1,,37.31518,-118.57184,114054469,3.0
Unknown,The Orange Slab Boulder > Heaven > Buttermilk Country > Bishop Area > Sierra Eastside > California,https://www.mountainproject.com/route/114054542/unknown,4.0,-1,"Boulder, Alpine",V3 R,1,,37.28632,-118.64951,114054542,3.25
Iron Woman Traverse,Iron Woman > Heaven > Buttermilk Country > Bishop Area > Sierra Eastside > California,https://www.mountainproject.com/route/114054604/iron-woman-traverse,2.0,-1,"Boulder, Alpine",V3,1,,37.28687,-118.64931999999999,114054604,3.0
The Pit,The Pit Boulder > Heaven > Buttermilk Country > Bishop Area > Sierra Eastside > California,https://www.mountainproject.com/route/114054613/the-pit,2.0,-1,"Boulder, Alpine",V3 PG13,1,,37.28678,-118.64973,114054613,3.0
Cracked,Cracked Boulder > Heaven > Buttermilk Country > Bishop Area > Sierra Eastside > California,https://www.mountainproject.com/route/114054623/cracked,3.0,-1,"Boulder, Alpine",V3 PG13,1,,37.2863,-118.65008,114054623,3.0
HooHaw,The Sexy Bloc > Buttermilk Country > Bishop Area > Sierra Eastside > California,https://www.mountainproject.com/route/115394209/hoohaw,2.5,-1,Boulder,V3,1,14.0,37.33501,-118.55503,115394209,3.0
Iron Man Sit,Iron Man Boulder > Iron Man Area > Buttermilks Main > Buttermilk Country > Bishop Area > Sierra Eastside > California,https://www.mountainproject.com/route/112790594/iron-man-sit,4.0,-1,Boulder,V3+,1,,37.330009999999994,-118.57811000000001,112790594,3.25
Big Dave's Big Find,Upside Boulder > Buttermilks Main > Buttermilk Country > Bishop Area > Sierra Eastside > California,https://www.mountainproject.com/route/106916321/big-daves-big-find,1.5,-1,Boulder,V3+,1,15.0,37.3276,-118.5757,106916321,3.25
Cuban Roll,Cuban Roll Boulder > Zeppelin Area > Dale's Camp > Buttermilk Country > Bishop Area > Sierra Eastside > California,https://www.mountainproject.com/route/106568885/cuban-roll,3.5,-1,Boulder,V3+,1,20.0,37.31742,-118.5743,106568885,3.25
Charlie Brown,Charlie Brown Boulders > Painted Cave Area > Buttermilk Country > Bishop Area > Sierra Eastside > California,https://www.mountainproject.com/route/111712253/charlie-brown,1.5,-1,Boulder,V3+,1,10.0,37.322829999999996,-118.57926,111712253,3.25
West Corner,Grandma Peabody Boulder > Peabody Boulders > Buttermilks Main > Buttermilk Country > Bishop Area > Sierra Eastside > California,https://www.mountainproject.com/route/105969025/west-corner,2.2,-1,Boulder,V3-4,1,12.0,37.32837,-118.57479,105969025,3.5
Grovel Roof,Grovel Roof Boulder > Buttermilks Main > Buttermilk Country > Bishop Area > Sierra Eastside > California,https://www.mountainproject.com/route/106909066/grovel-roof,2.6,-1,Boulder,V3-4,1,15.0,37.32987,-118.57783,106909066,3.5
Follow The Pollen Path,Beekeeper Boulder > Pollen Grains / Lidija Boulders > Buttermilk Country > Bishop Area > Sierra Eastside > California,https://www.mountainproject.com/route/109665927/follow-the-pollen-path,2.3,-1,Boulder,V4-,1,15.0,37.3383,-118.5721,109665927,3.75
The Rising,The Loaf > Buttermilks Main > Buttermilk Country > Bishop Area > Sierra Eastside > California,https://www.mountainproject.com/route/106027098/the-rising,2.9,-1,Boulder,V4-,1,,37.330220000000004,-118.57882,106027098,3.75
Buttermilk Stem SDS,Buttermilk Stem Boulder > Buttermilk Stem Area > Buttermilks Main > Buttermilk Country > Bishop Area > Sierra Eastside > California,https://www.mountainproject.com/route/109519160/buttermilk-stem-sds,3.4,-1,Boulder,V4-,1,15.0,37.32906,-118.5768,109519160,3.75
Grommit,Get Carter Boulder > Buttermilk Country > Bishop Area > Sierra Eastside > California,https://www.mountainproject.com/route/106381955/grommit,3.7,-1,Boulder,V4,1,15.0,37.3388,-118.5776,106381955,4.0
"No Sense, No Reason",Edge of Reason Boulder > Checkerboard Area > Buttermilk Country > Bishop Area > Sierra Eastside > California,https://www.mountainproject.com/route/111730042/no-sense-no-reason,2.8,-1,Boulder,V4,1,13.0,37.32508,-118.58025,111730042,4.0
Beekeeping for Profit & Pleasure,Beekeeper Boulder > Pollen Grains / Lidija Boulders > Buttermilk Country > Bishop Area > Sierra Eastside > California,https://www.mountainproject.com/route/106408152/beekeeping-for-profit-pleasure,3.1,-1,Boulder,V4,1,25.0,37.3383,-118.5721,106408152,4.0
Jedi Mind Tricks,Jedi Boulder > Pollen Grains / Lidija Boulders > Buttermilk Country > Bishop Area > Sierra Eastside > California,https://www.mountainproject.com/route/106464345/jedi-mind-tricks,3.9,-1,Boulder,V4 PG13,1,25.0,37.3366,-118.5703,106464345,4.0
Slipstream,Grandma Peabody Boulder > Peabody Boulders > Buttermilks Main > Buttermilk Country > Bishop Area > Sierra Eastside > California,https://www.mountainproject.com/route/111728208/slipstream,1.7,-1,Boulder,V4,1,10.0,37.32837,-118.57479,111728208,4.0
Cave Problem,Grandpa Peabody Boulder > Peabody Boulders > Buttermilks Main > Buttermilk Country > Bishop Area > Sierra Eastside > California,https://www.mountainproject.com/route/105936107/cave-problem,2.4,-1,Boulder,V4,1,,37.32817,-118.57477,105936107,4.0
East Face Sit,Drifter/Smoking Boulder > Buttermilks Main > Buttermilk Country > Bishop Area > Sierra Eastside > California,https://www.mountainproject.com/route/114263540/east-face-sit,2.7,-1,Boulder,V4,1,35.0,37.32888,-118.57484,114263540,4.0
Dripper,Drifter/Smoking Boulder > Buttermilks Main > Buttermilk Country > Bishop Area > Sierra Eastside > California,https://www.mountainproject.com/route/115681919/dripper,3.0,-1,Boulder,V4,1,25.0,37.32888,-118.57484,115681919,4.0
Problem B SDS,Green Wall Boulder > Buttermilks Main > Buttermilk Country > Bishop Area > Sierra Eastside > California,https://www.mountainproject.com/route/108934821/problem-b-sds,1.0,-1,Boulder,V4,1,10.0,37.32873,-118.57534,108934821,4.0
Problem B,Roadside Boulder > Roadside Area > Buttermilks Main > Buttermilk Country > Bishop Area > Sierra Eastside > California,https://www.mountainproject.com/route/107987397/problem-b,1.6,-1,Boulder,V4,1,18.0,37.3282,-118.5761,107987397,4.0
Bowling Pin,Bowling Pin Boulder > Buttermilks Main > Buttermilk Country > Bishop Area > Sierra Eastside > California,https://www.mountainproject.com/route/105936179/bowling-pin,3.6,-1,Boulder,V4,1,,37.32959,-118.5772,105936179,4.0
Hager Face,Hager Boulder > Iron Man East Area > Buttermilks Main > Buttermilk Country > Bishop Area > Sierra Eastside > California,https://www.mountainproject.com/route/106095854/hager-face,2.3,-1,Boulder,V4,1,15.0,37.33014,-118.57777,106095854,4.0
Iron Man Traverse,Iron Man Boulder > Iron Man Area > Buttermilks Main > Buttermilk Country > Bishop Area > Sierra Eastside > California,https://www.mountainproject.com/route/105936763/iron-man-traverse,3.6,-1,Boulder,V4,1,,37.330009999999994,-118.57811000000001,105936763,4.0
Unnamed V4,Iron Man Boulder > Iron Man Area > Buttermilks Main > Buttermilk Country > Bishop Area > Sierra Eastside > California,https://www.mountainproject.com/route/107370986/unnamed-v4,1.5,-1,Boulder,V4,1,8.0,37.330009999999994,-118.57811000000001,107370986,4.0
Nan Bread,The Loaf > Buttermilks Main > Buttermilk Country > Bishop Area > Sierra Eastside > California,https://www.mountainproject.com/route/108637144/nan-bread,3.3,-1,Boulder,V4,1,15.0,37.330220000000004,-118.57882,108637144,4.0
Lululator,Tut Boulder > Buttermilks Main > Buttermilk Country > Bishop Area > Sierra Eastside > California,https://www.mountainproject.com/route/106060941/lululator,2.5,-1,Boulder,V4,1,,37.329,-118.5773,106060941,4.0
Wimberries,Tut Boulder > Buttermilks Main > Buttermilk Country > Bishop Area > Sierra Eastside > California,https://www.mountainproject.com/route/107024502/wimberries,2.7,-1,Boulder,V4,1,15.0,37.329,-118.5773,107024502,4.0
Problem D SDS,Tut Boulder > Buttermilks Main > Buttermilk Country > Bishop Area > Sierra Eastside > California,https://www.mountainproject.com/route/108048884/problem-d-sds,1.0,-1,Boulder,V4,1,12.0,37.329,-118.5773,108048884,4.0
Unnamed (Brian's Finish),Buttermilk Stem Boulder > Buttermilk Stem Area > Buttermilks Main > Buttermilk Country > Bishop Area > Sierra Eastside > California,https://www.mountainproject.com/route/106130703/unnamed-brians-finish,2.3,-1,Boulder,V4,1,15.0,37.32906,-118.5768,106130703,4.0
Unnamed V4,Boy and Girl Rocks > Buttermilks Main > Buttermilk Country > Bishop Area > Sierra Eastside > California,https://www.mountainproject.com/route/106442744/unnamed-v4,2.4,-1,Boulder,V4,1,15.0,37.32993,-118.57853,106442744,4.0
Southwest Face,Pope's Hat > Buttermilks Main > Buttermilk Country > Bishop Area > Sierra Eastside > California,https://www.mountainproject.com/route/107045129/southwest-face,3.0,-1,"Trad, Boulder",V4,1,,37.33013,-118.5785,107045129,4.0
Green Hornet,Green Hornet Boulder > Dale's West > Dale's Camp > Buttermilk Country > Bishop Area > Sierra Eastside > California,https://www.mountainproject.com/route/106737211/green-hornet,3.9,-1,Boulder,V4,1,18.0,37.3185,-118.5781,106737211,4.0
The Form,Form Destroyer Roof Boulder > Beehive Area > Buttermilk Country > Bishop Area > Sierra Eastside > California,https://www.mountainproject.com/route/111711869/the-form,2.0,-1,Boulder,V4,1,20.0,37.336729999999996,-118.57571999999999,111711869,4.0
The Roof,Form Destroyer Roof Boulder > Beehive Area > Buttermilk Country > Bishop Area > Sierra Eastside > California,https://www.mountainproject.com/route/111711939/the-roof,1.0,-1,Boulder,V4,1,17.0,37.336729999999996,-118.57571999999999,111711939,4.0
"Harder, Browner",Charlie Brown Boulders > Painted Cave Area > Buttermilk Country > Bishop Area > Sierra Eastside > California,https://www.mountainproject.com/route/111712307/harder-browner,1.3,-1,Boulder,V4,1,11.0,37.322829999999996,-118.57926,111712307,4.0
Boneyard Dyno,Boneyard Area > Painted Cave Area > Buttermilk Country > Bishop Area > Sierra Eastside > California,https://www.mountainproject.com/route/111715402/boneyard-dyno,1.0,-1,Boulder,V4,1,13.0,37.32143,-118.58055,111715402,4.0
Unknown,The McNugget > Bardini Boulders > Buttermilk Country > Bishop Area > Sierra Eastside > California,https://www.mountainproject.com/route/114054366/unknown,2.0,-1,Boulder,V4,1,10.0,37.31858,-118.58555,114054366,4.0
Snake Bite,Snake Eyes Boulder > The Glass House > Buttermilk Country > Bishop Area > Sierra Eastside > California,https://www.mountainproject.com/route/114054454/snake-bite,2.0,-1,Boulder,V4,1,,37.31538,-118.5724,114054454,4.0
Cracked Arete,Cracked Boulder > Heaven > Buttermilk Country > Bishop Area > Sierra Eastside > California,https://www.mountainproject.com/route/114054628/cracked-arete,3.0,-1,"Boulder, Alpine",V4 PG13,1,,37.2863,-118.65008,114054628,4.0
Burger Barn Boogie,Rowell Rock > Buttermilk Stem Area > Buttermilks Main > Buttermilk Country > Bishop Area > Sierra Eastside > California,https://www.mountainproject.com/route/116182012/burger-barn-boogie,2.0,-1,Boulder,V4+,1,25.0,37.32878,-118.57687,116182012,4.25
Macabre Proposition,Boneyard Area > Painted Cave Area > Buttermilk Country > Bishop Area > Sierra Eastside > California,https://www.mountainproject.com/route/111715447/macabre-proposition,2.0,-1,Boulder,V4+ PG13,1,15.0,37.32143,-118.58055,111715447,4.25
Checkerboard Crack,The Checkerboard Boulder > Checkerboard Area > Buttermilk Country > Bishop Area > Sierra Eastside > California,https://www.mountainproject.com/route/106705993/checkerboard-crack,1.8,-1,Boulder,V5,1,14.0,37.32544,-118.58067,106705993,5.0
Knight,The Knight Boulder > Checkerboard Area > Buttermilk Country > Bishop Area > Sierra Eastside > California,https://www.mountainproject.com/route/111729996/knight,2.0,-1,Boulder,V5,1,15.0,37.32544,-118.57988,111729996,5.0
The Beekeeper's Apprentice,Beekeeper Boulder > Pollen Grains / Lidija Boulders > Buttermilk Country > Bishop Area > Sierra Eastside > California,https://www.mountainproject.com/route/108473024/the-beekeepers-apprentice,3.1,-1,Boulder,V5,1,25.0,37.3383,-118.5721,108473024,5.0
Suspended in Silence,Lidija / Pollen Grain Boulder > Pollen Grains / Lidija Boulders > Buttermilk Country > Bishop Area > Sierra Eastside > California,https://www.mountainproject.com/route/106645675/suspended-in-silence,3.8,-1,Boulder,V5 R,1,40.0,37.3377,-118.5701,106645675,5.25
Gazelle,Lidija / Pollen Grain Boulder > Pollen Grains / Lidija Boulders > Buttermilk Country > Bishop Area > Sierra Eastside > California,https://www.mountainproject.com/route/112432529/gazelle,2.3,-1,Boulder,V5,1,15.0,37.3377,-118.5701,112432529,5.0
Christine Keeler,Honey Boulder > Pollen Grains / Lidija Boulders > Buttermilk Country > Bishop Area > Sierra Eastside > California,https://www.mountainproject.com/route/108700855/christine-keeler,1.3,-1,Boulder,V5,1,,37.336999999999996,-118.5702,108700855,5.0
Go Granny Go,Grandma Peabody Boulder > Peabody Boulders > Buttermilks Main > Buttermilk Country > Bishop Area > Sierra Eastside > California,https://www.mountainproject.com/route/105879221/go-granny-go,2.9,-1,Boulder,V5,1,15.0,37.32837,-118.57479,105879221,5.0
Go Granny Go  Right Finish (V5),Grandma Peabody Boulder > Peabody Boulders > Buttermilks Main > Buttermilk Country > Bishop Area > Sierra Eastside > California,https://www.mountainproject.com/route/106662650/go-granny-go-right-finish-v5,3.0,-1,Boulder,V5,1,10.0,37.32837,-118.57479,106662650,5.0
Transporter Room,Grandpa Peabody Boulder > Peabody Boulders > Buttermilks Main > Buttermilk Country > Bishop Area > Sierra Eastside > California,https://www.mountainproject.com/route/107956650/transporter-room,2.7,-1,Boulder,5.12c V5 X,1,45.0,37.32817,-118.57477,107956650,5.0
The Knobs,Drifter/Smoking Boulder > Buttermilks Main > Buttermilk Country > Bishop Area > Sierra Eastside > California,https://www.mountainproject.com/route/107552546/the-knobs,2.9,-1,Boulder,V5,1,,37.32888,-118.57484,107552546,5.0
Devoted Traverse,Mandala/Pope's Prow Boulder > Buttermilks Main > Buttermilk Country > Bishop Area > Sierra Eastside > California,https://www.mountainproject.com/route/109903545/devoted-traverse,2.7,-1,Boulder,V5,1,,37.32909,-118.57491999999999,109903545,5.0
Lactose Intolerant,Cave Boulder > Cave Area > Buttermilks Main > Buttermilk Country > Bishop Area > Sierra Eastside > California,https://www.mountainproject.com/route/106070967/lactose-intolerant,3.2,-1,Boulder,V5,1,,37.32863,-118.57633999999999,106070967,5.0
"Gleaming the Cube, High Start",Cave Boulder > Cave Area > Buttermilks Main > Buttermilk Country > Bishop Area > Sierra Eastside > California,https://www.mountainproject.com/route/108512652/gleaming-the-cube-high-start,2.6,-1,Boulder,V5,1,15.0,37.32863,-118.57633999999999,108512652,5.0
Pain Grain (Stand),Cave Boulder > Cave Area > Buttermilks Main > Buttermilk Country > Bishop Area > Sierra Eastside > California,https://www.mountainproject.com/route/114007601/pain-grain-stand,3.3,-1,Boulder,V5,1,12.0,37.32863,-118.57633999999999,114007601,5.0
2D,Cave Boulder > Cave Area > Buttermilks Main > Buttermilk Country > Bishop Area > Sierra Eastside > California,https://www.mountainproject.com/route/114025039/2d,2.0,-1,Boulder,V5,1,15.0,37.32863,-118.57633999999999,114025039,5.0
Marsha's Scoop (AKA Marsha's Nipple),Scoop Boulder > Roadside Area > Buttermilks Main > Buttermilk Country > Bishop Area > Sierra Eastside > California,https://www.mountainproject.com/route/107916151/marshas-scoop-aka-marshas-nipple,3.5,-1,Boulder,V5,1,10.0,37.3282,-118.5762,107916151,5.0
Gutter Ball,Bowling Pin Boulder > Buttermilks Main > Buttermilk Country > Bishop Area > Sierra Eastside > California,https://www.mountainproject.com/route/115681956/gutter-ball,2.0,-1,Boulder,V5,1,20.0,37.32959,-118.5772,115681956,5.0
Easy Grit,Hero  Roof Boulder > Iron Man Area > Buttermilks Main > Buttermilk Country > Bishop Area > Sierra Eastside > California,https://www.mountainproject.com/route/106127021/easy-grit,2.3,-1,Boulder,V5,1,,37.33,-118.5782,106127021,5.0
Rail Problem,Ranger Rock > Buttermilks Main > Buttermilk Country > Bishop Area > Sierra Eastside > California,https://www.mountainproject.com/route/105936809/rail-problem,2.5,-1,Boulder,V5,1,,37.329640000000005,-118.57869,105936809,5.0
Problem B,Ranger Rock > Buttermilks Main > Buttermilk Country > Bishop Area > Sierra Eastside > California,https://www.mountainproject.com/route/106060902/problem-b,2.6,-1,Boulder,V5,1,,37.329640000000005,-118.57869,106060902,5.0
Flyboy Arete,Stained Glass/Flyboy Area > Buttermilks Main > Buttermilk Country > Bishop Area > Sierra Eastside > California,https://www.mountainproject.com/route/106070944/flyboy-arete,3.1,-1,Boulder,V5,1,,37.33057,-118.57834,106070944,5.0
Tut Crack Left,Tut Boulder > Buttermilks Main > Buttermilk Country > Bishop Area > Sierra Eastside > California,https://www.mountainproject.com/route/107327240/tut-crack-left,2.0,-1,Boulder,V5,1,,37.329,-118.5773,107327240,5.0
Black Dot,Buttermilk Stem Boulder > Buttermilk Stem Area > Buttermilks Main > Buttermilk Country > Bishop Area > Sierra Eastside > California,https://www.mountainproject.com/route/109840303/black-dot,3.0,-1,Boulder,V5,1,,37.32906,-118.5768,109840303,5.0
Leary/Bard Arete,Corner Boulders > Buttermilks Main > Buttermilk Country > Bishop Area > Sierra Eastside > California,https://www.mountainproject.com/route/106351951/learybard-arete,3.8,-1,Boulder,V5,1,18.0,37.32909,-118.57791,106351951,5.0
Leary-Bard Left,Corner Boulders > Buttermilks Main > Buttermilk Country > Bishop Area > Sierra Eastside > California,https://www.mountainproject.com/route/108000535/leary-bard-left,3.3,-1,Boulder,V5,1,15.0,37.32909,-118.57791,108000535,5.0
Early Exit,Upside Boulder > Buttermilks Main > Buttermilk Country > Bishop Area > Sierra Eastside > California,https://www.mountainproject.com/route/106916326/early-exit,3.7,-1,Boulder,V5,1,15.0,37.3276,-118.5757,106916326,5.0
Bachar Problem Right/ Golden Boy,Bachar Boulder > Buttermilks Main > Buttermilk Country > Bishop Area > Sierra Eastside > California,https://www.mountainproject.com/route/106965066/bachar-problem-right-golden-boy,2.7,-1,Boulder,V5,1,15.0,37.32889,-118.57441000000001,106965066,5.0
Perfectly Chicken,Buttocks/Smooth Shrimp Boulder > Buttermilks Main > Buttermilk Country > Bishop Area > Sierra Eastside > California,https://www.mountainproject.com/route/107490602/perfectly-chicken,2.5,-1,Boulder,V5,1,,37.329229999999995,-118.57528,107490602,5.0
Xenolith Dyno-soar,Form Destroyer Roof Boulder > Beehive Area > Buttermilk Country > Bishop Area > Sierra Eastside > California,https://www.mountainproject.com/route/111711826/xenolith-dyno-soar,2.0,-1,Boulder,V5,1,12.0,37.336729999999996,-118.57571999999999,111711826,5.0
Eric's Dyno,Solitaire Boulder > Buttermilk Country > Bishop Area > Sierra Eastside > California,https://www.mountainproject.com/route/111686451/erics-dyno,2.3,-1,Boulder,V5,1,,37.32013,-118.57948999999999,111686451,5.0
Pig Pen,Charlie Brown Boulders > Painted Cave Area > Buttermilk Country > Bishop Area > Sierra Eastside > California,https://www.mountainproject.com/route/111712325/pig-pen,2.0,-1,Boulder,V5,1,12.0,37.322829999999996,-118.57926,111712325,5.0
The McNugget,The McNugget > Bardini Boulders > Buttermilk Country > Bishop Area > Sierra Eastside > California,https://www.mountainproject.com/route/114054755/the-mcnugget,2.0,-1,Boulder,V5,1,,37.31858,-118.58555,114054755,5.0
The Glass Face,The Glass House > The Glass House > Buttermilk Country > Bishop Area > Sierra Eastside > California,https://www.mountainproject.com/route/114054440/the-glass-face,3.0,-1,Boulder,V5 R,1,20.0,37.31538,-118.5724,114054440,5.25
The Mustache Ride,The Mustache Ride > Heaven > Buttermilk Country > Bishop Area > Sierra Eastside > California,https://www.mountainproject.com/route/114054530/the-mustache-ride,2.0,-1,"Boulder, Alpine",V5,1,,37.286190000000005,-118.65069,114054530,5.0
Tang,Tang > Heaven > Buttermilk Country > Bishop Area > Sierra Eastside > California,https://www.mountainproject.com/route/114054684/tang,3.0,-1,"Boulder, Alpine",V5 PG13,1,,37.28499,-118.65077,114054684,5.0
Lubricated Baby Boomers,The Sexy Bloc > Buttermilk Country > Bishop Area > Sierra Eastside > California,https://www.mountainproject.com/route/115394099/lubricated-baby-boomers,3.0,-1,Boulder,V5,1,14.0,37.33501,-118.55503,115394099,5.0
Bachar Problem Left,Bachar Boulder > Buttermilks Main > Buttermilk Country > Bishop Area > Sierra Eastside > California,https://www.mountainproject.com/route/106965059/bachar-problem-left,3.0,-1,Boulder,V5+,1,15.0,37.32889,-118.57441000000001,106965059,5.25
The Golden Rule,Luminance Block > Beehive Area > Buttermilk Country > Bishop Area > Sierra Eastside > California,https://www.mountainproject.com/route/114260637/the-golden-rule,2.0,-1,Boulder,V5+ X,1,34.0,37.33559,-118.57678999999999,114260637,5.5
Shelter from the Storm,Cave Boulder > Cave Area > Buttermilks Main > Buttermilk Country > Bishop Area > Sierra Eastside > California,https://www.mountainproject.com/route/106501926/shelter-from-the-storm,2.4,-1,Boulder,V6-,1,,37.32863,-118.57633999999999,106501926,5.75
Bowling Pin Sit,Bowling Pin Boulder > Buttermilks Main > Buttermilk Country > Bishop Area > Sierra Eastside > California,https://www.mountainproject.com/route/107419834/bowling-pin-sit,3.4,-1,Boulder,V6-,1,15.0,37.32959,-118.5772,107419834,5.75
Howard Carter SDS,Tut Boulder > Buttermilks Main > Buttermilk Country > Bishop Area > Sierra Eastside > California,https://www.mountainproject.com/route/106137389/howard-carter-sds,2.3,-1,Boulder,V6-,1,15.0,37.329,-118.5773,106137389,5.75
Secrets of the Beehive,Secrets of the Beehive Boulder > Secrets of the Beehive Area > Beehive Area > Buttermilk Country > Bishop Area > Sierra Eastside > California,https://www.mountainproject.com/route/106616292/secrets-of-the-beehive,3.9,-1,Boulder,V6- R,1,25.0,37.337109999999996,-118.5759,106616292,6.0
Seven Spanish Angels (aka The Ruckus),Get Carter Boulder > Buttermilk Country > Bishop Area > Sierra Eastside > California,https://www.mountainproject.com/route/106070976/seven-spanish-angels-aka-the-ruckus,3.9,-1,Boulder,V6,1,14.0,37.3388,-118.5776,106070976,6.0
Kings and Castles,Chess Boulder > Checkerboard Area > Buttermilk Country > Bishop Area > Sierra Eastside > California,https://www.mountainproject.com/route/111744241/kings-and-castles,2.5,-1,Boulder,V6,1,10.0,37.32547,-118.57996999999999,111744241,6.0
The Beekeeper,Beekeeper Boulder > Pollen Grains / Lidija Boulders > Buttermilk Country > Bishop Area > Sierra Eastside > California,https://www.mountainproject.com/route/106408175/the-beekeeper,3.8,-1,Boulder,V6 R,1,40.0,37.3383,-118.5721,106408175,6.25
Drone Militia,Lidija / Pollen Grain Boulder > Pollen Grains / Lidija Boulders > Buttermilk Country > Bishop Area > Sierra Eastside > California,https://www.mountainproject.com/route/106656303/drone-militia,3.8,-1,Boulder,V6,1,30.0,37.3377,-118.5701,106656303,6.0
Problem C,Birthday Boulders > Buttermilks Main > Buttermilk Country > Bishop Area > Sierra Eastside > California,https://www.mountainproject.com/route/110416001/problem-c,2.0,-1,Boulder,V6,1,12.0,37.330040000000004,-118.57901000000001,110416001,6.0
problem D,Birthday Boulders > Buttermilks Main > Buttermilk Country > Bishop Area > Sierra Eastside > California,https://www.mountainproject.com/route/110416010/problem-d,2.0,-1,Boulder,V6,1,,37.330040000000004,-118.57901000000001,110416010,6.0
Bard Route,Birthday Boulders > Buttermilks Main > Buttermilk Country > Bishop Area > Sierra Eastside > California,https://www.mountainproject.com/route/116066884/bard-route,3.0,-1,Boulder,V6,1,12.0,37.330040000000004,-118.57901000000001,116066884,6.0
Change of Heart,Drifter/Smoking Boulder > Buttermilks Main > Buttermilk Country > Bishop Area > Sierra Eastside > California,https://www.mountainproject.com/route/106352593/change-of-heart,3.6,-1,Boulder,V6,1,35.0,37.32888,-118.57484,106352593,6.0
Pope's Prow,Mandala/Pope's Prow Boulder > Buttermilks Main > Buttermilk Country > Bishop Area > Sierra Eastside > California,https://www.mountainproject.com/route/105908245/popes-prow,3.9,-1,Boulder,V6,1,15.0,37.32909,-118.57491999999999,105908245,6.0
Cave Route,Cave Boulder > Cave Area > Buttermilks Main > Buttermilk Country > Bishop Area > Sierra Eastside > California,https://www.mountainproject.com/route/105936116/cave-route,2.8,-1,Boulder,V6,1,,37.32863,-118.57633999999999,105936116,6.0
Green Wall Center,Green Wall Boulder > Buttermilks Main > Buttermilk Country > Bishop Area > Sierra Eastside > California,https://www.mountainproject.com/route/106375359/green-wall-center,3.4,-1,Boulder,V6,1,18.0,37.32873,-118.57534,106375359,6.0
Iron Cross / Iron Circle,Iron Man Boulder > Iron Man Area > Buttermilks Main > Buttermilk Country > Bishop Area > Sierra Eastside > California,https://www.mountainproject.com/route/111809663/iron-cross-iron-circle,2.5,-1,Boulder,V6,1,,37.330009999999994,-118.57811000000001,111809663,6.0
"Rib, No Rib SDS",Hero  Roof Boulder > Iron Man Area > Buttermilks Main > Buttermilk Country > Bishop Area > Sierra Eastside > California,https://www.mountainproject.com/route/114039712/rib-no-rib-sds,2.5,-1,Boulder,V6,1,12.0,37.33,-118.5782,114039712,6.0
Saigon,Saigon Boulder > Buttermilks Main > Buttermilk Country > Bishop Area > Sierra Eastside > California,https://www.mountainproject.com/route/106022301/saigon,3.9,-1,Boulder,V6,1,22.0,37.329440000000005,-118.57548,106022301,6.0
Flyboy,Stained Glass/Flyboy Area > Buttermilks Main > Buttermilk Country > Bishop Area > Sierra Eastside > California,https://www.mountainproject.com/route/106050280/flyboy,3.1,-1,Boulder,V6,1,18.0,37.33057,-118.57834,106050280,6.0
Almost,Stained Glass/Flyboy Area > Buttermilks Main > Buttermilk Country > Bishop Area > Sierra Eastside > California,https://www.mountainproject.com/route/114170601/almost,2.0,-1,Boulder,V6 PG13,1,12.0,37.33057,-118.57834,114170601,6.0
Milk the Milks,Tut Boulder > Buttermilks Main > Buttermilk Country > Bishop Area > Sierra Eastside > California,https://www.mountainproject.com/route/106322554/milk-the-milks,2.8,-1,Boulder,V6,1,15.0,37.329,-118.5773,106322554,6.0
Matt's Project,Buttermilk Stem Boulder > Buttermilk Stem Area > Buttermilks Main > Buttermilk Country > Bishop Area > Sierra Eastside > California,https://www.mountainproject.com/route/111513555/matts-project,2.5,-1,Boulder,V6,1,,37.32906,-118.5768,111513555,6.0
Unnamed Sloper to Lip,Corner Boulders > Buttermilks Main > Buttermilk Country > Bishop Area > Sierra Eastside > California,https://www.mountainproject.com/route/106352801/unnamed-sloper-to-lip,2.8,-1,Boulder,V6,1,15.0,37.32909,-118.57791,106352801,6.0
Popes Roof,Pope's Hat > Buttermilks Main > Buttermilk Country > Bishop Area > Sierra Eastside > California,https://www.mountainproject.com/route/107043969/popes-roof,3.1,-1,"Trad, Boulder",V6,1,,37.33013,-118.5785,107043969,6.0
Smooth Shrimp,Buttocks/Smooth Shrimp Boulder > Buttermilks Main > Buttermilk Country > Bishop Area > Sierra Eastside > California,https://www.mountainproject.com/route/108002630/smooth-shrimp,2.8,-1,Boulder,V6,1,,37.329229999999995,-118.57528,108002630,6.0
Cosmonaut,Lower Smoking Boulder > Buttermilks Main > Buttermilk Country > Bishop Area > Sierra Eastside > California,https://www.mountainproject.com/route/107347397/cosmonaut,2.3,-1,Boulder,V6,1,20.0,37.32881,-118.57468999999999,107347397,6.0
Backside Mantel,Sharma Traverse Boulder > Buttermilks Main > Buttermilk Country > Bishop Area > Sierra Eastside > California,https://www.mountainproject.com/route/110067698/backside-mantel,0.0,-1,Boulder,V6,1,13.0,37.32954,-118.57498000000001,110067698,6.0
Girls of Whiskey Creek,Girls of Whiskey Creek Boulder > Hueco Wall Area > Dale's Camp > Buttermilk Country > Bishop Area > Sierra Eastside > California,https://www.mountainproject.com/route/111513681/girls-of-whiskey-creek,2.5,-1,Boulder,V6,1,,37.31879,-118.5756,111513681,6.0
Approaching Silence,Hall of Mirrors > Buttermilk Country > Bishop Area > Sierra Eastside > California,https://www.mountainproject.com/route/107481967/approaching-silence,4.0,-1,Boulder,V6,1,14.0,37.31237,-118.57958,107481967,6.0
Sylvia Plath,Hall of Mirrors > Buttermilk Country > Bishop Area > Sierra Eastside > California,https://www.mountainproject.com/route/107481986/sylvia-plath,3.0,-1,Boulder,V6,1,,37.31237,-118.57958,107481986,6.0
Evil Empire,Solitaire Boulder > Buttermilk Country > Bishop Area > Sierra Eastside > California,https://www.mountainproject.com/route/111712021/evil-empire,2.0,-1,Boulder,V6,1,15.0,37.32013,-118.57948999999999,111712021,6.0
Painted Cave,Painted Cave Boulder > Painted Cave Area > Buttermilk Country > Bishop Area > Sierra Eastside > California,https://www.mountainproject.com/route/111712395/painted-cave,3.8,-1,Boulder,V6,1,15.0,37.323170000000005,-118.57981000000001,111712395,6.0
Slashface of the Buttermilks,Painted Cave Boulder > Painted Cave Area > Buttermilk Country > Bishop Area > Sierra Eastside > California,https://www.mountainproject.com/route/111715290/slashface-of-the-buttermilks,2.8,-1,Boulder,V6,1,15.0,37.323170000000005,-118.57981000000001,111715290,6.0
Unnamed,Xen Boulder > Painted Cave Area > Buttermilk Country > Bishop Area > Sierra Eastside > California,https://www.mountainproject.com/route/111728233/unnamed,1.0,-1,Boulder,V6,1,15.0,37.32287,-118.5802,111728233,6.0
Snake Oil,Lidija / Pollen Grain Boulder > Pollen Grains / Lidija Boulders > Buttermilk Country > Bishop Area > Sierra Eastside > California,https://www.mountainproject.com/route/114032729/snake-oil,2.4,-1,Boulder,V6-7,1,24.0,37.3377,-118.5701,114032729,6.5
Dishy Grit,Hero  Roof Boulder > Iron Man Area > Buttermilks Main > Buttermilk Country > Bishop Area > Sierra Eastside > California,https://www.mountainproject.com/route/114039836/dishy-grit,2.3,-1,Boulder,V6-7,1,16.0,37.33,-118.5782,114039836,6.5
Swiss Legends,Swiss Roof Boulder > Hueco Wall Area > Dale's Camp > Buttermilk Country > Bishop Area > Sierra Eastside > California,https://www.mountainproject.com/route/111728336/swiss-legends,3.0,-1,Boulder,V6-7 PG13,1,10.0,37.3184,-118.57521000000001,111728336,6.5
Walk Like an Egyptian,Tut Boulder > Buttermilks Main > Buttermilk Country > Bishop Area > Sierra Eastside > California,https://www.mountainproject.com/route/114066938/walk-like-an-egyptian,2.0,-1,Boulder,V7-,1,14.0,37.329,-118.5773,114066938,6.75
Get Carter,Get Carter Boulder > Buttermilk Country > Bishop Area > Sierra Eastside > California,https://www.mountainproject.com/route/106070980/get-carter,3.1,-1,Boulder,V7,1,15.0,37.3388,-118.5776,106070980,7.0
Unnamed,Get Carter Boulder > Buttermilk Country > Bishop Area > Sierra Eastside > California,https://www.mountainproject.com/route/106132731/unnamed,3.8,-1,Boulder,V7,1,,37.3388,-118.5776,106132731,7.0
Colin Goes Mental,Edge of Reason Boulder > Checkerboard Area > Buttermilk Country > Bishop Area > Sierra Eastside > California,https://www.mountainproject.com/route/111735874/colin-goes-mental,2.5,-1,Boulder,V7,1,20.0,37.32508,-118.58025,111735874,7.0
Mesothelioma,Beekeeper Boulder > Pollen Grains / Lidija Boulders > Buttermilk Country > Bishop Area > Sierra Eastside > California,https://www.mountainproject.com/route/106628879/mesothelioma,3.7,-1,Boulder,V7 R,1,25.0,37.3383,-118.5721,106628879,7.25
Lidija's Mouth Direct,Lidija / Pollen Grain Boulder > Pollen Grains / Lidija Boulders > Buttermilk Country > Bishop Area > Sierra Eastside > California,https://www.mountainproject.com/route/109979403/lidijas-mouth-direct,2.0,-1,Boulder,V7,1,14.0,37.3377,-118.5701,109979403,7.0
Cindy Swank,Honey Boulder > Pollen Grains / Lidija Boulders > Buttermilk Country > Bishop Area > Sierra Eastside > California,https://www.mountainproject.com/route/108700731/cindy-swank,3.0,-1,Boulder,V7,1,,37.336999999999996,-118.5702,108700731,7.0
The Ninth,The Ninth Boulder > Pollen Grains / Lidija Boulders > Buttermilk Country > Bishop Area > Sierra Eastside > California,https://www.mountainproject.com/route/109995560/the-ninth,4.0,-1,Boulder,V7 PG13,1,20.0,37.3382,-118.571,109995560,7.0
Go Granny Ho,Grandma Peabody Boulder > Peabody Boulders > Buttermilks Main > Buttermilk Country > Bishop Area > Sierra Eastside > California,https://www.mountainproject.com/route/107551458/go-granny-ho,2.6,-1,Boulder,V7,1,10.0,37.32837,-118.57479,107551458,7.0
High Plains Drifter,Drifter/Smoking Boulder > Buttermilks Main > Buttermilk Country > Bishop Area > Sierra Eastside > California,https://www.mountainproject.com/route/105908128/high-plains-drifter,3.9,-1,Boulder,V7,1,35.0,37.32888,-118.57484,105908128,7.0
Pain Grain SDS,Cave Boulder > Cave Area > Buttermilks Main > Buttermilk Country > Bishop Area > Sierra Eastside > California,https://www.mountainproject.com/route/107051296/pain-grain-sds,3.3,-1,Boulder,V7,1,15.0,37.32863,-118.57633999999999,107051296,7.0
Iron Monkey,Iron Man Boulder > Iron Man Area > Buttermilks Main > Buttermilk Country > Bishop Area > Sierra Eastside > California,https://www.mountainproject.com/route/107370896/iron-monkey,2.5,-1,Boulder,V7,1,20.0,37.330009999999994,-118.57811000000001,107370896,7.0
Magnetic Attractions,Iron Man Boulder > Iron Man Area > Buttermilks Main > Buttermilk Country > Bishop Area > Sierra Eastside > California,https://www.mountainproject.com/route/114039685/magnetic-attractions,1.0,-1,Boulder,V7,1,8.0,37.330009999999994,-118.57811000000001,114039685,7.0
Just Grit,Hero  Roof Boulder > Iron Man Area > Buttermilks Main > Buttermilk Country > Bishop Area > Sierra Eastside > California,https://www.mountainproject.com/route/114039791/just-grit,2.0,-1,Boulder,V7,1,12.0,37.33,-118.5782,114039791,7.0
Yayoi Right,Fit Homeless Boulder > Buttermilks Main > Buttermilk Country > Bishop Area > Sierra Eastside > California,https://www.mountainproject.com/route/106130751/yayoi-right,3.1,-1,Boulder,V7,1,17.0,37.32895,-118.57595,106130751,7.0
Cheezy Brit Sit Start,Buttermilk Stem Boulder > Buttermilk Stem Area > Buttermilks Main > Buttermilk Country > Bishop Area > Sierra Eastside > California,https://www.mountainproject.com/route/114025098/cheezy-brit-sit-start,3.0,-1,Boulder,V7,1,17.0,37.32906,-118.5768,114025098,7.0
Ken's Problem,Corner Boulders > Buttermilks Main > Buttermilk Country > Bishop Area > Sierra Eastside > California,https://www.mountainproject.com/route/114066844/kens-problem,2.0,-1,Boulder,V7,1,18.0,37.32909,-118.57791,114066844,7.0
Unnamed v7,Lower Smoking Boulder > Buttermilks Main > Buttermilk Country > Bishop Area > Sierra Eastside > California,https://www.mountainproject.com/route/107585946/unnamed-v7,2.2,-1,Boulder,V7,1,10.0,37.32881,-118.57468999999999,107585946,7.0
Pinch Arete,Pinch Boulder > Buttermilks Main > Buttermilk Country > Bishop Area > Sierra Eastside > California,https://www.mountainproject.com/route/113908015/pinch-arete,4.0,-1,Boulder,V7,1,10.0,37.32882,-118.57428,113908015,7.0
The Flake,Zen Flute Boulder > Dale's West > Dale's Camp > Buttermilk Country > Bishop Area > Sierra Eastside > California,https://www.mountainproject.com/route/108604974/the-flake,2.8,-1,Boulder,V7,1,12.0,37.3192,-118.5783,108604974,7.0
Evening Snow,Charlie Brown Boulders > Painted Cave Area > Buttermilk Country > Bishop Area > Sierra Eastside > California,https://www.mountainproject.com/route/111712347/evening-snow,2.0,-1,Boulder,V7,1,15.0,37.322829999999996,-118.57926,111712347,7.0
Undercling Problem,Painted Cave Boulder > Painted Cave Area > Buttermilk Country > Bishop Area > Sierra Eastside > California,https://www.mountainproject.com/route/111715315/undercling-problem,2.0,-1,Boulder,V7,1,15.0,37.323170000000005,-118.57981000000001,111715315,7.0
Rex Kwon Do stand,Rex Kwon Do Boulder > Bardini Boulders > Buttermilk Country > Bishop Area > Sierra Eastside > California,https://www.mountainproject.com/route/114054377/rex-kwon-do-stand,3.5,-1,Boulder,V7,1,,37.317890000000006,-118.58488,114054377,7.0
Junior's Achievement,Rowell Rock > Buttermilk Stem Area > Buttermilks Main > Buttermilk Country > Bishop Area > Sierra Eastside > California,https://www.mountainproject.com/route/107919156/juniors-achievement,3.1,-1,Boulder,V7+,1,18.0,37.32878,-118.57687,107919156,7.25
Checkerboard,The Checkerboard Boulder > Checkerboard Area > Buttermilk Country > Bishop Area > Sierra Eastside > California,https://www.mountainproject.com/route/106129151/checkerboard,4.0,-1,Boulder,V7-8,1,20.0,37.32544,-118.58067,106129151,7.5
Change of Knobs,Drifter/Smoking Boulder > Buttermilks Main > Buttermilk Country > Bishop Area > Sierra Eastside > California,https://www.mountainproject.com/route/114066872/change-of-knobs,2.3,-1,Boulder,V7-8,1,25.0,37.32888,-118.57484,114066872,7.5
Gleaming the Cube,Cave Boulder > Cave Area > Buttermilks Main > Buttermilk Country > Bishop Area > Sierra Eastside > California,https://www.mountainproject.com/route/106129141/gleaming-the-cube,2.2,-1,Boulder,V8-,1,,37.32863,-118.57633999999999,106129141,7.75
Soul Slinger Right,Soul Slinger Boulder > Cave Area > Buttermilks Main > Buttermilk Country > Bishop Area > Sierra Eastside > California,https://www.mountainproject.com/route/107032733/soul-slinger-right,2.8,-1,Boulder,V8-,1,15.0,37.32868,-118.57635,107032733,7.75
Flyboy SDS,Stained Glass/Flyboy Area > Buttermilks Main > Buttermilk Country > Bishop Area > Sierra Eastside > California,https://www.mountainproject.com/route/106070940/flyboy-sds,3.8,-1,Boulder,V8-,1,,37.33057,-118.57834,106070940,7.75
Xavier's Roof,Xav's Roof Boulder > Hueco Wall Area > Dale's Camp > Buttermilk Country > Bishop Area > Sierra Eastside > California,https://www.mountainproject.com/route/108604948/xaviers-roof,3.9,-1,Boulder,V8-,1,25.0,37.31814,-118.57567,108604948,7.75
Checkerboard Direct,The Checkerboard Boulder > Checkerboard Area > Buttermilk Country > Bishop Area > Sierra Eastside > California,https://www.mountainproject.com/route/111730089/checkerboard-direct,1.0,-1,Boulder,V8 R,1,21.0,37.32544,-118.58067,111730089,8.25
Freeze All Cylinders,Edge of Reason Boulder > Checkerboard Area > Buttermilk Country > Bishop Area > Sierra Eastside > California,https://www.mountainproject.com/route/111726462/freeze-all-cylinders,2.8,-1,Boulder,V8,1,20.0,37.32508,-118.58025,111726462,8.0
Magnetic North,Grandma Peabody Boulder > Peabody Boulders > Buttermilks Main > Buttermilk Country > Bishop Area > Sierra Eastside > California,https://www.mountainproject.com/route/108019305/magnetic-north,4.0,-1,Boulder,V8,1,35.0,37.32837,-118.57479,108019305,8.0
Devoted,Mandala/Pope's Prow Boulder > Buttermilks Main > Buttermilk Country > Bishop Area > Sierra Eastside > California,https://www.mountainproject.com/route/112541564/devoted,2.0,-1,Boulder,V8,1,,37.32909,-118.57491999999999,112541564,8.0
Ten Pin Trial,Bowling Pin Boulder > Buttermilks Main > Buttermilk Country > Bishop Area > Sierra Eastside > California,https://www.mountainproject.com/route/111784838/ten-pin-trial,2.9,-1,Boulder,V8,1,20.0,37.32959,-118.5772,111784838,8.0
Iron Fly,Iron Man Boulder > Iron Man Area > Buttermilks Main > Buttermilk Country > Bishop Area > Sierra Eastside > California,https://www.mountainproject.com/route/106384926/iron-fly,2.6,-1,Boulder,V8,1,10.0,37.330009999999994,-118.57811000000001,106384926,8.0
Hard Grit,Hero  Roof Boulder > Iron Man Area > Buttermilks Main > Buttermilk Country > Bishop Area > Sierra Eastside > California,https://www.mountainproject.com/route/106127038/hard-grit,2.5,-1,Boulder,V8,1,,37.33,-118.5782,106127038,8.0
Just Dishy,Hero  Roof Boulder > Iron Man Area > Buttermilks Main > Buttermilk Country > Bishop Area > Sierra Eastside > California,https://www.mountainproject.com/route/114039853/just-dishy,2.0,-1,Boulder,V8,1,16.0,37.33,-118.5782,114039853,8.0
Saigon Direct,Saigon Boulder > Buttermilks Main > Buttermilk Country > Bishop Area > Sierra Eastside > California,https://www.mountainproject.com/route/107954191/saigon-direct,3.4,-1,Boulder,V8,1,25.0,37.329440000000005,-118.57548,107954191,8.0
Lululator Low Start,Tut Boulder > Buttermilks Main > Buttermilk Country > Bishop Area > Sierra Eastside > California,https://www.mountainproject.com/route/111809642/lululator-low-start,2.6,-1,Boulder,V8,1,,37.329,-118.5773,111809642,8.0
Tenterhooks,Fit Homeless Boulder > Buttermilks Main > Buttermilk Country > Bishop Area > Sierra Eastside > California,https://www.mountainproject.com/route/106070964/tenterhooks,2.0,-1,Boulder,V8,1,10.0,37.32895,-118.57595,106070964,8.0
Yayoi,Fit Homeless Boulder > Buttermilks Main > Buttermilk Country > Bishop Area > Sierra Eastside > California,https://www.mountainproject.com/route/106130747/yayoi,2.0,-1,Boulder,V8,1,15.0,37.32895,-118.57595,106130747,8.0
Brian's Project,Buttermilk Stem Boulder > Buttermilk Stem Area > Buttermilks Main > Buttermilk Country > Bishop Area > Sierra Eastside > California,https://www.mountainproject.com/route/107051281/brians-project,2.9,-1,Boulder,V8,1,18.0,37.32906,-118.5768,107051281,8.0
Brian's Direct,Buttermilk Stem Boulder > Buttermilk Stem Area > Buttermilks Main > Buttermilk Country > Bishop Area > Sierra Eastside > California,https://www.mountainproject.com/route/114032557/brians-direct,2.3,-1,Boulder,V8,1,17.0,37.32906,-118.5768,114032557,8.0
Upside,Upside Boulder > Buttermilks Main > Buttermilk Country > Bishop Area > Sierra Eastside > California,https://www.mountainproject.com/route/109826087/upside,4.0,-1,Boulder,V8,1,15.0,37.3276,-118.5757,109826087,8.0
Sharma Scoop,Bachar Boulder > Buttermilks Main > Buttermilk Country > Bishop Area > Sierra Eastside > California,https://www.mountainproject.com/route/106965090/sharma-scoop,2.4,-1,Boulder,V8,1,12.0,37.32889,-118.57441000000001,106965090,8.0
Cocktail Sauce,Buttocks/Smooth Shrimp Boulder > Buttermilks Main > Buttermilk Country > Bishop Area > Sierra Eastside > California,https://www.mountainproject.com/route/108527916/cocktail-sauce,2.1,-1,Boulder,V8,1,10.0,37.329229999999995,-118.57528,108527916,8.0
Croft Problem,Lower Smoking Boulder > Buttermilks Main > Buttermilk Country > Bishop Area > Sierra Eastside > California,https://www.mountainproject.com/route/107484827/croft-problem,2.6,-1,Boulder,V8,1,10.0,37.32881,-118.57468999999999,107484827,8.0
Gastonia,Hueco Wall Boulder > Hueco Wall Area > Dale's Camp > Buttermilk Country > Bishop Area > Sierra Eastside > California,https://www.mountainproject.com/route/111513701/gastonia,3.0,-1,Boulder,V8,1,,37.31839,-118.57563,111513701,8.0
Flight of the Bumblebee,Brown Wall Boulder > Beehive Area > Buttermilk Country > Bishop Area > Sierra Eastside > California,https://www.mountainproject.com/route/111728148/flight-of-the-bumblebee,3.0,-1,Boulder,V8 R,1,35.0,37.33726,-118.57588,111728148,8.25
Northwest Arete,Luminance Block > Beehive Area > Buttermilk Country > Bishop Area > Sierra Eastside > California,https://www.mountainproject.com/route/114260782/northwest-arete,3.0,-1,Boulder,V8 R,1,23.0,37.33559,-118.57678999999999,114260782,8.25
Solitaire,Solitaire Boulder > Buttermilk Country > Bishop Area > Sierra Eastside > California,https://www.mountainproject.com/route/108447780/solitaire,3.7,-1,Boulder,V8,1,15.0,37.32013,-118.57948999999999,108447780,8.0
3D,Cave Boulder > Cave Area > Buttermilks Main > Buttermilk Country > Bishop Area > Sierra Eastside > California,https://www.mountainproject.com/route/114025005/3d,2.4,-1,Boulder,V8+,1,15.0,37.32863,-118.57633999999999,114025005,8.25
Moonraker,Cave Boulder > Cave Area > Buttermilks Main > Buttermilk Country > Bishop Area > Sierra Eastside > California,https://www.mountainproject.com/route/108453174/moonraker,2.7,-1,Boulder,V8-9,1,12.0,37.32863,-118.57633999999999,108453174,8.5
General Mills,Cave Boulder > Cave Area > Buttermilks Main > Buttermilk Country > Bishop Area > Sierra Eastside > California,https://www.mountainproject.com/route/114025059/general-mills,2.3,-1,Boulder,V8-9,1,18.0,37.32863,-118.57633999999999,114025059,8.5
Baby Steps to Greatness,The Sexy Bloc > Buttermilk Country > Bishop Area > Sierra Eastside > California,https://www.mountainproject.com/route/115394177/baby-steps-to-greatness,3.0,-1,Boulder,V8-9,1,25.0,37.33501,-118.55503,115394177,8.5
Michael Caine,Get Carter Boulder > Buttermilk Country > Bishop Area > Sierra Eastside > California,https://www.mountainproject.com/route/106070972/michael-caine,2.9,-1,Boulder,V9-,1,15.0,37.3388,-118.5776,106070972,8.75
Twin Cracks,Get Carter Boulder > Buttermilk Country > Bishop Area > Sierra Eastside > California,https://www.mountainproject.com/route/109646283/twin-cracks,3.1,-1,Boulder,V9,1,,37.3388,-118.5776,109646283,9.0
Checkerboard Right,The Checkerboard Boulder > Checkerboard Area > Buttermilk Country > Bishop Area > Sierra Eastside > California,https://www.mountainproject.com/route/111726453/checkerboard-right,2.0,-1,Boulder,V9,1,20.0,37.32544,-118.58067,111726453,9.0
Swanky Sit,Honey Boulder > Pollen Grains / Lidija Boulders > Buttermilk Country > Bishop Area > Sierra Eastside > California,https://www.mountainproject.com/route/108700751/swanky-sit,3.2,-1,Boulder,V9,1,,37.336999999999996,-118.5702,108700751,9.0
Finders Fee,Honey Boulder > Pollen Grains / Lidija Boulders > Buttermilk Country > Bishop Area > Sierra Eastside > California,https://www.mountainproject.com/route/108700842/finders-fee,3.7,-1,Boulder,V9,1,,37.336999999999996,-118.5702,108700842,9.0
Footprints,Grandpa Peabody Boulder > Peabody Boulders > Buttermilks Main > Buttermilk Country > Bishop Area > Sierra Eastside > California,https://www.mountainproject.com/route/109743926/footprints,3.5,-1,Boulder,V9 X,1,50.0,37.32817,-118.57477,109743926,9.25
Soul Slinger,Soul Slinger Boulder > Cave Area > Buttermilks Main > Buttermilk Country > Bishop Area > Sierra Eastside > California,https://www.mountainproject.com/route/105908345/soul-slinger,3.7,-1,Boulder,V9,1,14.0,37.32868,-118.57635,105908345,9.0
The Fall Guy,Stained Glass/Flyboy Area > Buttermilks Main > Buttermilk Country > Bishop Area > Sierra Eastside > California,https://www.mountainproject.com/route/106070948/the-fall-guy,4.0,-1,Boulder,V9 PG13,1,20.0,37.33057,-118.57834,106070948,9.0
America's Fit Homeless,Fit Homeless Boulder > Buttermilks Main > Buttermilk Country > Bishop Area > Sierra Eastside > California,https://www.mountainproject.com/route/106070960/americas-fit-homeless,2.0,-1,Boulder,V9,1,9.0,37.32895,-118.57595,106070960,9.0
Matt's Project Sit,Buttermilk Stem Boulder > Buttermilk Stem Area > Buttermilks Main > Buttermilk Country > Bishop Area > Sierra Eastside > California,https://www.mountainproject.com/route/111513568/matts-project-sit,3.0,-1,Boulder,V9,1,,37.32906,-118.5768,111513568,9.0
Mooned,Rowell Rock > Buttermilk Stem Area > Buttermilks Main > Buttermilk Country > Bishop Area > Sierra Eastside > California,https://www.mountainproject.com/route/107954206/mooned,2.0,-1,Boulder,V9,1,20.0,37.32878,-118.57687,107954206,9.0
Grit Dreams,Corner Boulders > Buttermilks Main > Buttermilk Country > Bishop Area > Sierra Eastside > California,https://www.mountainproject.com/route/112790712/grit-dreams,2.0,-1,Boulder,V9,1,18.0,37.32909,-118.57791,112790712,9.0
Queen Sweet Nectar,Queen Sweet Nectar Boulder > Secrets of the Beehive Area > Beehive Area > Buttermilk Country > Bishop Area > Sierra Eastside > California,https://www.mountainproject.com/route/110129127/queen-sweet-nectar,2.7,-1,Boulder,V9,1,,37.33684,-118.57603999999999,110129127,9.0
Luminance,Luminance Block > Beehive Area > Buttermilk Country > Bishop Area > Sierra Eastside > California,https://www.mountainproject.com/route/111711207/luminance,4.0,-1,"TR, Boulder",V9 R,1,20.0,37.33559,-118.57678999999999,111711207,9.25
Rise,Luminance Block > Beehive Area > Buttermilk Country > Bishop Area > Sierra Eastside > California,https://www.mountainproject.com/route/114260568/rise,2.0,-1,Boulder,V9 X,1,40.0,37.33559,-118.57678999999999,114260568,9.25
Judge Not,Solitaire Boulder > Buttermilk Country > Bishop Area > Sierra Eastside > California,https://www.mountainproject.com/route/111686462/judge-not,3.4,-1,Boulder,V9 PG13,1,,37.32013,-118.57948999999999,111686462,9.0
This Side of Paradise,Bardini Boulder > Bardini Boulders > Buttermilk Country > Bishop Area > Sierra Eastside > California,https://www.mountainproject.com/route/114104162/this-side-of-paradise,4.0,-1,Boulder,V9,1,33.0,37.31797,-118.58542,114104162,9.0
One Mule Wonder,Cave Boulder > Cave Area > Buttermilks Main > Buttermilk Country > Bishop Area > Sierra Eastside > California,https://www.mountainproject.com/route/107342463/one-mule-wonder,1.3,-1,Boulder,V9-10,1,,37.32863,-118.57633999999999,107342463,9.5
Hueco Wall,Hueco Wall Boulder > Hueco Wall Area > Dale's Camp > Buttermilk Country > Bishop Area > Sierra Eastside > California,https://www.mountainproject.com/route/111728292/hueco-wall,3.0,-1,Boulder,V9-10 PG13,1,19.0,37.31839,-118.57563,111728292,9.5
King Me,The Checkerboard Boulder > Checkerboard Area > Buttermilk Country > Bishop Area > Sierra Eastside > California,https://www.mountainproject.com/route/111726445/king-me,3.0,-1,Boulder,V10,1,18.0,37.32544,-118.58067,111726445,10.0
Golden Shower,Beekeeper Boulder > Pollen Grains / Lidija Boulders > Buttermilk Country > Bishop Area > Sierra Eastside > California,https://www.mountainproject.com/route/106628870/golden-shower,4.0,-1,Boulder,V10 R,1,25.0,37.3383,-118.5721,106628870,10.25
Return Jedi,Jedi Boulder > Pollen Grains / Lidija Boulders > Buttermilk Country > Bishop Area > Sierra Eastside > California,https://www.mountainproject.com/route/112213028/return-jedi,3.0,-1,Boulder,V10 PG13,1,22.0,37.3366,-118.5703,112213028,10.0
Center Direct,Grandma Peabody Boulder > Peabody Boulders > Buttermilks Main > Buttermilk Country > Bishop Area > Sierra Eastside > California,https://www.mountainproject.com/route/106382046/center-direct,2.3,-1,Boulder,V10,1,12.0,37.32837,-118.57479,106382046,10.0
Evilution to the Lip,Grandpa Peabody Boulder > Peabody Boulders > Buttermilks Main > Buttermilk Country > Bishop Area > Sierra Eastside > California,https://www.mountainproject.com/route/114067388/evilution-to-the-lip,3.7,-1,Boulder,V10,1,18.0,37.32817,-118.57477,114067388,10.0
Crimps of Wrath,Cave Boulder > Cave Area > Buttermilks Main > Buttermilk Country > Bishop Area > Sierra Eastside > California,https://www.mountainproject.com/route/108461966/crimps-of-wrath,1.0,-1,Boulder,V10,1,,37.32863,-118.57633999999999,108461966,10.0
Little Forgotten,Cave Boulder > Cave Area > Buttermilks Main > Buttermilk Country > Bishop Area > Sierra Eastside > California,https://www.mountainproject.com/route/114032671/little-forgotten,3.3,-1,Boulder,V10,1,26.0,37.32863,-118.57633999999999,114032671,10.0
Stained Glass,Stained Glass/Flyboy Area > Buttermilks Main > Buttermilk Country > Bishop Area > Sierra Eastside > California,https://www.mountainproject.com/route/106050258/stained-glass,3.9,-1,Boulder,V10,1,,37.33057,-118.57834,106050258,10.0
Blood Spud,Stained Glass/Flyboy Area > Buttermilks Main > Buttermilk Country > Bishop Area > Sierra Eastside > California,https://www.mountainproject.com/route/106070957/blood-spud,2.0,-1,Boulder,V10,1,10.0,37.33057,-118.57834,106070957,10.0
Sidewinder,Rowell Rock > Buttermilk Stem Area > Buttermilks Main > Buttermilk Country > Bishop Area > Sierra Eastside > California,https://www.mountainproject.com/route/114066891/sidewinder,2.3,-1,Boulder,V10,1,25.0,37.32878,-118.57687,114066891,10.0
Popes hat,Pope's Hat > Buttermilks Main > Buttermilk Country > Bishop Area > Sierra Eastside > California,https://www.mountainproject.com/route/115670016/popes-hat,2.0,-1,Boulder,V10,1,,37.33013,-118.5785,115670016,10.0
Bubba Gump,Buttocks/Smooth Shrimp Boulder > Buttermilks Main > Buttermilk Country > Bishop Area > Sierra Eastside > California,https://www.mountainproject.com/route/107385718/bubba-gump,2.9,-1,Boulder,V10,1,10.0,37.329229999999995,-118.57528,107385718,10.0
Sharma Traverse,Sharma Traverse Boulder > Buttermilks Main > Buttermilk Country > Bishop Area > Sierra Eastside > California,https://www.mountainproject.com/route/110067691/sharma-traverse,3.4,-1,Boulder,V10,1,20.0,37.32954,-118.57498000000001,110067691,10.0
Zen Flute,Zen Flute Boulder > Dale's West > Dale's Camp > Buttermilk Country > Bishop Area > Sierra Eastside > California,https://www.mountainproject.com/route/106737771/zen-flute,3.6,-1,Boulder,V10,1,13.0,37.3192,-118.5783,106737771,10.0
Too Big To Flail,Luminance Block > Beehive Area > Buttermilk Country > Bishop Area > Sierra Eastside > California,https://www.mountainproject.com/route/111711154/too-big-to-flail,3.0,-1,"TR, Boulder",V10 X,1,55.0,37.33559,-118.57678999999999,111711154,10.25
Rex Kwon Do,Rex Kwon Do Boulder > Bardini Boulders > Buttermilk Country > Bishop Area > Sierra Eastside > California,https://www.mountainproject.com/route/114104084/rex-kwon-do,4.0,-1,Boulder,V10,1,15.0,37.317890000000006,-118.58488,114104084,10.0
Constellation,The Golden Boulder > Iron Man East Area > Buttermilks Main > Buttermilk Country > Bishop Area > Sierra Eastside > California,https://www.mountainproject.com/route/112384379/constellation,2.0,-1,Boulder,V10-11 PG13,1,25.0,37.32996,-118.57784,112384379,10.5
Thunderbird,Grandma Peabody Boulder > Peabody Boulders > Buttermilks Main > Buttermilk Country > Bishop Area > Sierra Eastside > California,https://www.mountainproject.com/route/114106239/thunderbird,2.0,-1,Boulder,V11,1,15.0,37.32837,-118.57479,114106239,11.0
Ambrosia,Grandpa Peabody Boulder > Peabody Boulders > Buttermilks Main > Buttermilk Country > Bishop Area > Sierra Eastside > California,https://www.mountainproject.com/route/110088205/ambrosia,4.0,-1,Boulder,V11 X,1,55.0,37.32817,-118.57477,110088205,11.25
La Belette,Grandpa Peabody Boulder > Peabody Boulders > Buttermilks Main > Buttermilk Country > Bishop Area > Sierra Eastside > California,https://www.mountainproject.com/route/114067527/la-belette,2.0,-1,Boulder,V11,1,12.0,37.32817,-118.57477,114067527,11.0
Les Trois Maunets,Drifter/Smoking Boulder > Buttermilks Main > Buttermilk Country > Bishop Area > Sierra Eastside > California,https://www.mountainproject.com/route/114145837/les-trois-maunets,2.0,-1,Boulder,V11,1,,37.32888,-118.57484,114145837,11.0
Butterfinger,Mandala/Pope's Prow Boulder > Buttermilks Main > Buttermilk Country > Bishop Area > Sierra Eastside > California,https://www.mountainproject.com/route/115681926/butterfinger,3.0,-1,Boulder,V11,1,30.0,37.32909,-118.57491999999999,115681926,11.0
Sex Kitten,The Sexy Bloc > Buttermilk Country > Bishop Area > Sierra Eastside > California,https://www.mountainproject.com/route/115394196/sex-kitten,4.0,-1,Boulder,V11,1,25.0,37.33501,-118.55503,115394196,11.0
Haroun & the Sea of Stories,Stained Glass/Flyboy Area > Buttermilks Main > Buttermilk Country > Bishop Area > Sierra Eastside > California,https://www.mountainproject.com/route/106070952/haroun-the-sea-of-stories,4.0,-1,Boulder,V11-12,1,20.0,37.33057,-118.57834,106070952,11.5
The Mandala,Mandala/Pope's Prow Boulder > Buttermilks Main > Buttermilk Country > Bishop Area > Sierra Eastside > California,https://www.mountainproject.com/route/105908186/the-mandala,3.3,-1,Boulder,V12-,1,20.0,37.32909,-118.57491999999999,105908186,11.75
A Scanner Darkly,Get Carter Boulder > Buttermilk Country > Bishop Area > Sierra Eastside > California,https://www.mountainproject.com/route/111684005/a-scanner-darkly,3.3,-1,Boulder,V12,1,,37.3388,-118.5776,111684005,12.0
Michael Caine Sit Start,Get Carter Boulder > Buttermilk Country > Bishop Area > Sierra Eastside > California,https://www.mountainproject.com/route/113891171/michael-caine-sit-start,2.0,-1,Boulder,V12,1,15.0,37.3388,-118.5776,113891171,12.0
Mystery,Grandma Peabody Boulder > Peabody Boulders > Buttermilks Main > Buttermilk Country > Bishop Area > Sierra Eastside > California,https://www.mountainproject.com/route/109563866/mystery,4.0,-1,Boulder,V12,1,30.0,37.32837,-118.57479,109563866,12.0
Baburre,Grandma Peabody Boulder > Peabody Boulders > Buttermilks Main > Buttermilk Country > Bishop Area > Sierra Eastside > California,https://www.mountainproject.com/route/114106367/baburre,2.0,-1,Boulder,V12,1,25.0,37.32837,-118.57479,114106367,12.0
Rastaman Vibration,Grandpa Peabody Boulder > Peabody Boulders > Buttermilks Main > Buttermilk Country > Bishop Area > Sierra Eastside > California,https://www.mountainproject.com/route/110088242/rastaman-vibration,2.5,-1,Boulder,V12,1,50.0,37.32817,-118.57477,110088242,12.0
Form Destroyer,Form Destroyer Roof Boulder > Beehive Area > Buttermilk Country > Bishop Area > Sierra Eastside > California,https://www.mountainproject.com/route/111711761/form-destroyer,3.0,-1,Boulder,V12,1,10.0,37.336729999999996,-118.57571999999999,111711761,12.0
A Maze of Death,Maze of Death Boulder > Bardini Boulders > Buttermilk Country > Bishop Area > Sierra Eastside > California,https://www.mountainproject.com/route/114104119/a-maze-of-death,4.0,-1,Boulder,V12,1,14.0,37.31926,-118.58563999999998,114104119,12.0
Evilution,Grandpa Peabody Boulder > Peabody Boulders > Buttermilks Main > Buttermilk Country > Bishop Area > Sierra Eastside > California,https://www.mountainproject.com/route/105908296/evilution,4.0,-1,Boulder,V12-13 R,1,55.0,37.32817,-118.57477,105908296,12.5
Spectre,Spectre Boulder > Pollen Grains / Lidija Boulders > Buttermilk Country > Bishop Area > Sierra Eastside > California,https://www.mountainproject.com/route/106132438/spectre,4.0,-1,Boulder,V13,1,,37.3381,-118.5712,106132438,13.0
Direction,Grandma Peabody Boulder > Peabody Boulders > Buttermilks Main > Buttermilk Country > Bishop Area > Sierra Eastside > California,https://www.mountainproject.com/route/115681899/direction,3.0,-1,Boulder,V13 R,1,50.0,37.32837,-118.57479,115681899,13.25
Buttermilker,Cave Boulder > Cave Area > Buttermilks Main > Buttermilk Country > Bishop Area > Sierra Eastside > California,https://www.mountainproject.com/route/109630293/buttermilker,4.0,-1,Boulder,V13,1,20.0,37.32863,-118.57633999999999,109630293,13.0
The Beautiful and Damned,Bardini Boulder > Bardini Boulders > Buttermilk Country > Bishop Area > Sierra Eastside > California,https://www.mountainproject.com/route/114104188/the-beautiful-and-damned,3.0,-1,Boulder,V13 PG13,1,35.0,37.31797,-118.58542,114104188,13.0
The Swarm Direct,Brown Wall Boulder > Beehive Area > Buttermilk Country > Bishop Area > Sierra Eastside > California,https://www.mountainproject.com/route/112499951/the-swarm-direct,3.0,-1,Boulder,V13-14 PG13,1,25.0,37.33726,-118.57588,112499951,13.5
The Swarm,Brown Wall Boulder > Beehive Area > Buttermilk Country > Bishop Area > Sierra Eastside > California,https://www.mountainproject.com/route/111726081/the-swarm,4.0,-1,Boulder,V14,1,20.0,37.33726,-118.57588,111726081,14.0
